x1,x2,y
-0.8741391331685717,0.21003536727487,0.0
-1.1436218311307962,-0.8357281547010386,1.0
-0.3839055470082474,-0.02795438509963183,0.0
2.1316521513552225,0.7488789706561351,1.0
2.4118047251106822,0.9255884289552496,1.0
0.011446232980592996,-0.023441013337745748,1.0
-0.05693509487148318,0.6520213858572804,0.0
0.6703827515777372,2.0160385857516196,0.0
0.4640541377031044,-0.366119280920092,1.0
1.4451172368606828,1.0905213039335246,1.0
-0.08289027453138603,0.6759337382043537,0.0
-1.068218460479978,-2.7852498745156296,1.0
-1.561895449330799,-1.1906258166005628,1.0
-0.453192907764419,-0.884813438283299,0.0
-1.1255908006629989,-0.20752951879772125,0.0
0.23225704478872264,0.5508990176549284,0.0
-0.6245881388942932,-0.7899635489362271,0.0
-1.0851737688395564,-0.8768295665940418,0.0
1.6068790151903922,1.305716666369653,1.0
-0.39093068141427906,-0.6898864055917348,0.0
0.7955470166260025,-0.3614073908416149,0.0
1.4350687194995806,0.804366533554943,0.0
-0.028124985454684226,1.238808376829018,0.0
0.003506910525949647,-1.4610803752206407,1.0
-0.49937041968577933,0.7911722305108237,1.0
-0.2661759825238228,-0.3656504263719247,0.0
1.0444729888349595,0.3910026509084098,0.0
1.171656818893054,-1.2936986619618267,0.0
-1.1785140757942534,-1.2338442021249927,1.0
0.9171338258646612,0.5399270402598975,0.0
-1.2385134946395373,-1.0682486689258677,1.0
1.0805141644328369,-0.18989389712315846,0.0
-1.3298724616995388,-1.6884038615811328,1.0
-0.15137566645526562,0.471071896496819,0.0
-0.1909211264943979,-0.5893322149014271,0.0
1.015735124342615,0.8322893581468427,0.0
1.576734040158429,0.8900419465285445,1.0
-1.7311554839954235,0.4567583249156417,1.0
1.1342246919357022,0.8548975525289559,1.0
1.2681533928392787,-0.3958675494311916,0.0
1.7146527990625466,2.131833251494145,0.0
0.4219493910341419,0.5913908615502534,1.0
0.9257906139543037,-0.9070647353113912,1.0
0.08085406896921016,-0.5290499779504588,1.0
-0.1076545741796842,-0.1325034769650616,0.0
0.4971489483945908,1.2230760678587087,1.0
-0.48900490027660337,-0.14480436043923722,0.0
-1.1341925912343445,0.1744956103762726,0.0
-0.25853128307931145,-0.44360096545262506,0.0
-1.5074997179335377,-0.320485291693018,0.0
1.0069686987269892,-0.5734834487664828,0.0
1.0947461429280032,-1.289455157581001,0.0
-1.431889626033646,0.07156968470829139,0.0
0.6122373363512417,0.3236681906272094,1.0
-0.7929129996755784,-0.33877887142934504,0.0
0.14791325793996696,0.845609651568906,1.0
-1.5731985900214012,-0.03164629622947901,1.0
1.0372148495304196,1.273975628590592,1.0
0.7219306075610968,1.484616969351002,1.0
-2.513569646219956,-1.7304314977721473,1.0
0.5225704513008258,-0.2619070118133946,0.0
0.5216819644052461,0.7315974882405465,1.0
-0.3158748701536949,-0.04694766134665174,0.0
-0.6099517212672428,0.5947855982012138,0.0
0.29154470272078914,0.657823906452527,1.0
0.15247395848123052,-0.3942903551173317,0.0
0.15056028489505163,0.8335179173796949,1.0
-1.2057640864155763,0.01878762866750272,1.0
-1.2159745644923756,0.5692308091359402,1.0
-0.026088316922702637,0.8052259833509294,0.0
1.258951853183825,0.6790844497033013,1.0
0.3656775959426925,0.17546962663356933,0.0
-1.7790480925509649,-0.8911044940006674,1.0
-0.7618318145444251,0.4228602148781144,0.0
0.4987568986676543,1.0511688742610894,1.0
0.7183729631103595,-0.244852088346265,0.0
-0.4538279043090503,0.26993115811629015,0.0
-0.2857957542529301,-0.09177344552068575,0.0
0.772517643804583,0.42084800018408436,1.0
-1.4642465393148267,-0.252099724296308,1.0
0.5111050470564978,0.5436540305206655,0.0
2.0621022050009357,1.2012357923814503,1.0
-0.5308465072733219,-0.42655275130260084,1.0
1.9216204768551592,0.9563901248312235,1.0
-2.9568525055549784,-0.33132163290077843,1.0
0.8044936848825102,-0.1435271373178547,0.0
-0.03483079824609153,-0.7511010736239438,0.0
0.1005031863923365,0.1900489071254005,0.0
-0.9577249459433205,-0.5560979422197487,1.0
-0.698819092732797,0.3439033735085156,0.0
0.925978466747917,-0.315679588669845,0.0
1.0945771743328252,-0.3421947329488452,1.0
0.4577794586104177,0.47629752332571057,0.0
0.02792225244776353,0.9657491556508391,0.0
-1.0589589682230298,-0.8103257405967355,1.0
-0.6298595809274455,0.636882933093518,0.0
0.07372474444579592,-0.27644054286240244,0.0
0.026153040259465243,-0.7378220783454272,0.0
-1.1801813290723784,-0.14799193380174047,0.0
-0.28274548517963916,-0.4176614319154037,0.0
0.9862645108673038,0.34332218754831717,1.0
0.9434508032728693,-0.5142071181185304,0.0
-0.08284057663152218,0.24056133165875465,0.0
0.3405426300398417,1.0001006391670915,1.0
1.9908292592704675,-0.6145510159422121,0.0
0.6707585806434548,-1.1621856693957597,0.0
-0.39730958893791457,-0.10988823894588684,0.0
0.12783769073826706,-0.6190377587231737,1.0
0.594138616602153,0.9964638495595053,0.0
-0.4822510913742715,-0.35938896247415053,0.0
0.2376272459132257,0.9777833013137607,1.0
0.25892519164995154,1.2973047417268235,1.0
0.2226307425860285,0.542451350843427,1.0
-0.5973172948407277,-0.6245803610850151,0.0
0.011626816554370326,0.2464415425076117,0.0
1.5766015101526065,0.8702241478153854,1.0
-0.19927845413069395,-0.9059261788856716,1.0
-1.0271761863797775,0.6562332812998055,1.0
0.4913338465822113,1.1061188167836251,1.0
-0.36823267386001374,-0.3333157336631428,1.0
-0.31549756311542837,-0.3820351806762423,0.0
0.13597060822865104,-1.894105236102165,1.0
0.01896123408008457,-0.2224462849347562,1.0
0.4514192764805429,-0.1427394384173198,1.0
0.8533618435205764,1.1874347270376064,1.0
0.4248063928284738,-0.6132876616666132,1.0
-0.9773915795553235,-0.5868983105813066,0.0
-0.25937278128666813,-1.1145020722504035,1.0
0.07177417882351236,0.1813903079001027,0.0
0.814915565412466,0.5908271255087849,0.0
0.13263189450663598,-0.6849643056938495,1.0
-1.414553869320522,-0.838051498988214,1.0
0.7576623870008461,-0.3207429140994011,0.0
1.3259781949746325,-0.3387654322048646,0.0
0.052008551411017206,0.38616410434823467,0.0
0.83892139714331,0.4710805491356207,0.0
0.039806523407490135,0.40953785512518603,0.0
0.19273398238173256,0.2921433550077037,1.0
0.9633961279564107,0.6517668845531116,1.0
-0.6047413478204107,-0.8299986718330222,1.0
-0.45361457572826386,0.4737189356610169,0.0
0.14561799256931318,1.15886737040007,0.0
1.0712017746689013,0.7481082108661047,1.0
-1.2227181138126437,-0.18699432677029826,1.0
0.5412067899430064,1.0543155145592804,1.0
0.33721218302483497,1.2309190836526074,1.0
0.8892978812129362,1.7461806627719216,0.0
0.9034336034315532,-0.2081173419786011,1.0
-0.8220258188225493,-0.8373274278983521,0.0
-0.3584359392742079,-1.1852698866591744,0.0
-0.9488225624297334,-2.207365317684295,1.0
0.8709014471527454,0.3510705796961544,0.0
1.2135064837410892,-0.18571760448599017,0.0
1.7131221586042966,1.086170567344562,1.0
-0.19191293967705683,0.33660640751724313,0.0
-0.10799773340091237,0.018759154037779745,0.0
-0.14468684168275936,0.7810400537744748,0.0
1.1266674556613276,-0.47109731463457466,0.0
-0.506657406786894,0.5352887411700444,0.0
-0.823517717054533,-1.7941639016563455,1.0
0.5335744430706301,2.1625986281965304,0.0
0.6818217209943974,0.9910052817994173,1.0
-0.8367903847022917,-0.12403734118111026,0.0
-0.8052462099867912,-0.5278260461931761,0.0
0.7219474287078802,0.8324940856446645,0.0
-1.0364371342454843,-0.7420603757618269,1.0
-0.37798758911131697,-1.1878510936422828,1.0
-0.3861341253595603,-0.43400953182888313,0.0
1.1947249562965925,0.2791568394113706,1.0
1.362012186572841,1.321505170577805,1.0
0.31924269008236783,-0.4134503678880594,1.0
0.2283929625630366,-0.9371562637012811,1.0
-0.446583981165044,0.35396854842711195,0.0
0.2586725605573839,-0.18852678390414454,1.0
-0.36507057289958583,0.8924142553522671,0.0
-1.0774530784086176,-0.46189198151570127,0.0
0.43474443428984694,1.1445646878455182,1.0
-1.8090862213040477,0.02618343389388622,0.0
0.9003789637370752,-0.025239967926219076,0.0
-1.196652002638555,-0.468472434788572,0.0
-1.000928373967414,0.3770176637290495,0.0
-0.38760211686963497,-0.37233078792410307,0.0
0.00779639752652922,-0.832124129238101,0.0
-1.0437246795333004,-0.4686177583108379,1.0
0.6053064076357624,2.1335925046890813,0.0
0.6955585145667191,1.140898124306187,0.0
1.588095769078295,2.078157409908458,0.0
-0.11628899482254205,0.32612661142527455,0.0
0.6261038912298788,0.7955119182695678,1.0
-1.696000171178624,-2.038675356203594,1.0
0.6033055279653199,0.0551292690607747,0.0
0.33102100289903635,-0.10075090958278828,0.0
0.15010569026852566,0.9785922220760319,1.0
-1.3984775641165719,-0.9925364186574106,0.0
0.262313267742252,-0.9532268294155317,0.0
0.5403400626372589,0.425580160569075,0.0
1.2342392362566859,1.2517769016218059,1.0
0.2650387998037217,-0.03541776981006474,1.0
1.2557052574123047,-0.3619157614276974,0.0
-0.16992700835007413,1.0424343328039007,0.0
0.23029777645931487,-0.3352143293162071,0.0
0.45274661256459847,2.211356785306653,0.0
-0.27994826219914715,0.13296587459441675,0.0
2.4570196588749154,0.5974731417061535,1.0
0.9670992256198309,-0.88065348265531,0.0
1.234441917414813,1.7352113572961776,0.0
1.4285378034590397,1.019606413318955,1.0
-0.08854929246867316,-1.1404479692181924,0.0
-1.0562367893897164,0.8761454243639576,1.0
0.374019334115937,0.41311230841724284,1.0
-1.2316955616216383,0.15373111261123829,1.0
0.38493600650275994,0.3138558984251171,0.0
0.9233920486440388,1.5361094071803174,0.0
0.8668278312261776,0.9678216216000441,1.0
1.1542003044340456,0.9923382387430815,0.0
0.4901224591523655,-0.3811758749892338,1.0
0.8461492903049758,-0.558877915996953,0.0
-0.5079015989672129,-0.5273205352005345,0.0
0.3760141815795068,0.9016876290936291,1.0
0.6391352077558905,0.061309227461453786,0.0
-0.8463903521509675,-0.5313375789226247,0.0
0.7741105579190587,0.6449251628310153,1.0
0.47983873722635184,0.3831355348328475,1.0
1.4820512585618633,0.08417876427604676,1.0
0.7989503241509109,-1.000630666336455,0.0
-0.4923761655737162,-0.6021396390423694,0.0
-0.5854944906446591,-0.6062523624368208,0.0
0.4188596021982599,1.2091134996761888,1.0
-1.563962475864491,-0.5979494692020716,1.0
0.7352095392267025,-0.0989078126273108,1.0
1.2365505023778318,1.398648734080782,0.0
1.0417926602143615,0.9440457409591305,1.0
-0.40850836036264254,-1.135169661598166,0.0
1.7543465001240892,1.1196304673556794,1.0
-1.8850327696343365,0.6484438769818358,1.0
-0.8205789730337075,0.4606707298728665,0.0
0.748120596720187,-0.1337680087482972,0.0
1.2073111437537718,1.0822158020017028,1.0
-0.057055683390283746,-0.329233392980968,0.0
-0.9882634184235612,-0.46527712303279484,0.0
1.2518825701124576,1.2987625848444626,1.0
0.9126901611968745,0.5709814607232723,1.0
0.7674893990900841,0.1984070370809604,0.0
-1.1256829732650742,-0.20036974877523683,0.0
-0.41945961210742916,-0.9419960593313126,0.0
-1.8910551665420812,0.11311036885727832,1.0
0.7282134639552558,-0.8127824280791998,1.0
-1.4283402588744138,0.5404379929986844,1.0
1.310611299896356,1.448878959440385,1.0
-0.5182598064066595,-1.3900370444633459,0.0
-0.34956606096851073,-0.7018026504973935,0.0
-1.7505422794121261,-0.30387469089034436,1.0
-0.5383087117904314,-0.7825522230832744,0.0
-0.9058031819720325,0.3788134544448002,0.0
1.3857681128481554,-1.5768881965581296,0.0
0.8427158450674352,-0.8354048072315192,0.0
0.925666284373604,-0.8339646071526571,0.0
-0.6232607930976674,0.5448486437490114,0.0
0.4105505756614838,0.02437023272879063,1.0
0.6509083802307756,0.4224469997300682,1.0
-0.6392670038693835,-1.1372320631450386,0.0
-0.7845156198952108,0.19676659257247253,0.0
0.821305479589987,-0.0968116589484117,0.0
0.40608764670578695,-0.7397855933567455,1.0
0.2899092395658363,-0.49411106982205194,0.0
0.12932738735159457,0.524765195908802,0.0
-1.3410927904517995,-0.037077094223660345,1.0
1.226827650212839,-0.41276128928333766,0.0
-1.648408335979123,-0.08977342699702118,1.0
-0.6001105849802989,-0.3467138097071295,0.0
0.8235503846831842,2.1874085050464775,0.0
1.7636775056797562,2.040631154112805,0.0
0.25021170113235,-0.04385179545120674,1.0
0.7164701437802254,0.36618959207159596,0.0
0.662005091710884,-0.9184018590533356,0.0
0.8363450174431399,1.905470403742933,0.0
2.0866483704405905,0.2078068466637002,1.0
-1.3210977885991004,-1.5188606091750563,1.0
-0.6111825334808454,-1.4959266180436104,1.0
1.8064113819365262,1.0488093756022636,0.0
-1.260061546344182,-0.8450810498926284,0.0
0.7338822735857058,-0.004794646335141206,0.0
0.30594877380719027,0.8607207934666957,1.0
-0.019550969045331157,-1.3096226329749654,0.0
-0.9771861781614448,-0.5723809222296562,1.0
0.9775397984535572,0.30119074411988206,0.0
0.1967313307422266,1.7437518898304045,1.0
0.8716034698094064,0.22235073033242647,0.0
1.4890750733983604,0.04854066359141462,0.0
-0.08872902914793418,0.7024694875829784,0.0
0.37360067573161615,-0.7161507473555492,1.0
0.36015923221594415,0.9905279983956556,0.0
-0.10393043353772846,-1.8590392527153692,0.0
-0.22506589537297558,-0.7064323645188881,0.0
-0.3549940679736005,-1.1734217238152012,0.0
-0.3919597776614645,0.41541804925834447,0.0
-1.4405535169730248,0.2337610769328442,1.0
0.3914257272367844,-0.5167993838306548,1.0
-0.19894107995717952,0.2691234465982565,0.0
-1.131668630464224,-0.7076436146024236,0.0
-1.8527495685455841,-1.0652813379389525,1.0
1.1194374959179758,-0.2262076519566904,0.0
-0.09806141537739399,-2.1709438260347627,0.0
1.417535367690494,-1.071049547529255,0.0
1.920168406784186,1.1295299214720647,0.0
1.7820601687711397,2.666517473638262,0.0
0.4909492088769615,-0.1817277532291229,1.0
-0.17185756539141783,-1.2345463667768073,0.0
0.5465369551137876,-0.8640842147298569,1.0
-0.8192549412530438,-0.699404805743415,1.0
0.20355845041355708,-0.7151310502763669,0.0
-0.15866294983385465,-0.9361691051603834,0.0
1.4920372903287884,1.508201184424516,0.0
-1.0144777858746283,-0.44554241295014513,1.0
0.3901978228150302,1.1720291582528732,0.0
0.011437022038384675,-0.09076030262520002,1.0
-0.4391499383586931,0.24672661344808416,0.0
0.43054764820131497,0.3875049791783936,0.0
-0.2784857511606891,1.9275265246005726,0.0
0.05061268277888947,0.5999937176665884,1.0
0.14088408672567243,-1.1400751609724573,0.0
0.9854335220578339,0.9643694955107857,1.0
-0.4840413968079166,0.5165647875716992,0.0
-0.589566156673174,-0.7478421662003636,0.0
-0.388290418778919,-0.5979546523361419,0.0
-0.9085816200051965,0.34303314041296495,1.0
-0.4363353797317221,-1.2758071565784785,0.0
-0.24637406376078522,0.3203906172228217,0.0
1.0509501782422113,0.3502034831786601,0.0
-0.2594203342043967,0.5192687516780488,0.0
0.5008286735139689,-1.5117131528716272,1.0
0.9963870125606213,0.3377395711094194,0.0
-1.3739666624791123,-2.1548624403202954,1.0
0.14655104481635609,-0.2956405699288055,0.0
-1.6726559707625481,-1.4775370632971936,1.0
0.03495797983264576,0.9251683204396892,0.0
0.10570408796581557,-0.36885631656074647,1.0
1.0360727413498034,-0.4401322948058243,0.0
-0.02185429469401349,-0.072071185783672,0.0
-1.989353899460936,0.1987589447891206,1.0
-1.6010347133835734,0.47896652898164793,1.0
0.6573837999745649,-1.1486895142129503,0.0
-0.14205816034232102,-0.12234250735208668,0.0
0.21606662402316873,-1.0235241255901566,1.0
-1.1721311095922684,-0.17872162537463,1.0
-0.036082623492935506,-0.9460562206242629,0.0
0.04822986099281268,0.842789390957793,1.0
-1.345933814069555,-2.2926868358095347,0.0
-0.8553713950442774,-0.38980502067849676,1.0
1.9811141388550029,2.0617399414793236,0.0
0.7373904738200945,-0.9936262862121141,0.0
-0.007475733536689622,0.7567069884279514,0.0
1.7855032909269055,0.8996398973222182,1.0
0.5664022598920768,0.2653759528008528,1.0
-0.9842549737688135,-0.0015466679794677862,0.0
-1.12135602998127,-1.2795625499680634,0.0
1.860108429659336,0.26965012900862295,0.0
-0.7014591629473979,-0.9672413226280695,1.0
-0.07939792206104876,0.12842136317985509,0.0
0.4548768165449254,0.6222521715449509,0.0
1.1258584423184632,0.06676208851294285,0.0
0.3542373195596301,-0.15403311001247616,1.0
1.0684704846484256,0.3453400272148521,0.0
-0.010106503944564138,-0.5597854463982512,0.0
0.39279045126166334,0.7135539427024231,1.0
3.3947849364496534,1.0249066319313895,1.0
-1.5722326467868255,0.6357326388405754,1.0
-0.8213328633462238,-0.34596105414816825,1.0
-0.17080906579890032,1.2363019422981187,0.0
0.6737750877318863,0.15882737759251053,0.0
-0.7355243803957248,0.2435929583319002,0.0
1.4358245211412846,1.1183659486672597,1.0
-1.6037482661684395,-1.941238932768409,1.0
-0.664815172060501,0.7041495580737123,0.0
0.09622176415153616,-1.4468815429875628,1.0
0.671815863263275,-0.5738885365044735,0.0
-0.10479980676159212,-0.7669204433585295,0.0
0.19129333205221305,1.0795492660574058,0.0
0.11032794570489002,-1.2958647579093956,1.0
-1.6529343480923107,-0.7488167892083399,1.0
-0.7433698606875441,0.05041996186153619,0.0
-0.4217853601111798,-0.5805550421698085,0.0
1.3462450092807667,1.4855780672601262,1.0
-1.1434782572621975,-0.4648954495440203,0.0
0.04819877108888221,0.8127487726809053,0.0
0.6841564569735423,-0.16285162738175069,0.0
-1.2017987808045887,-0.0691259977677191,0.0
-0.9666280119537503,0.16642392608550027,1.0
1.2328872922588725,-1.3784423455951431,0.0
-0.817709495432015,-0.1844564368667772,0.0
0.13367841115772144,-0.9517165363283884,0.0
1.1410753071476274,0.8580338545239072,1.0
-0.4852625783759156,-0.6163922230505685,0.0
1.6210515578992253,0.7254520315946666,1.0
1.6944516799558773,1.0627242795627334,1.0
1.7513997958375018,0.8357118078171722,1.0
-0.1279264600183529,-0.5187236683767058,0.0
0.4946071084096725,0.597092983830863,0.0
0.7025546013522128,-0.6341706942204982,1.0
0.16036694029146648,-0.25167364726064745,0.0
0.774272371370143,-0.02966739526356027,0.0
0.5511877988873488,0.44544606079747456,0.0
-0.9989997443402876,-1.0270858006895522,1.0
0.1357225262187649,-0.7522077339413891,0.0
0.4078435575103587,0.3487723782483199,1.0
-0.7798581172023762,-0.23780492832090006,0.0
-0.36533559368765917,0.42917898739629873,0.0
-1.1052647165785312,-0.2987059767845416,1.0
-1.3939531877640736,-1.6264953128969148,0.0
-3.3523977188614413,-1.9737940276819843,1.0
0.30184951460120446,0.2697394885353017,1.0
0.5955116514214904,1.4687575697547839,0.0
-0.8040139554619975,-0.15840607921591654,1.0
2.2805668036425932,0.21765838916036873,1.0
1.0497673443969848,0.31183824993011106,0.0
-0.3212514021966758,0.7797893619504987,0.0
-1.0547135562681016,-1.554448161809946,0.0
0.7317762539557473,-0.7182685675292116,0.0
0.8416192889204586,2.5781348706648837,0.0
-1.0883889559786846,-0.9494970806895914,0.0
0.5263506306901687,0.42408326382523415,0.0
-0.005674800926616652,1.2495988004413205,0.0
-0.522329173848034,-0.09461459485872484,0.0
-0.38659201805677024,-1.6298913962666923,0.0
-0.34689711635468534,-1.7658219787113811,0.0
-0.507584632404594,-0.2731799936982938,0.0
0.8003140532667601,-0.6328141865974429,0.0
0.9399122601255075,1.5314217177494431,0.0
0.6833731180141228,-0.5833957396286904,1.0
-0.8389814780124413,-0.002837072457360368,1.0
1.308200073041081,0.26011692218164484,1.0
-0.5447252984456707,0.3241254888522231,0.0
0.18958632307384915,-1.8139759055870888,0.0
0.3391670468203953,-0.33267468543770917,1.0
0.06979704274103049,1.7187748058070245,0.0
0.5155485837595049,1.0458325251192946,1.0
0.20276185559174992,0.7786254967189015,1.0
1.2003952541741303,0.6853691687594624,0.0
-0.5599672268196806,-2.201051577496132,0.0
-0.9637462123101389,-0.9199836441556395,1.0
-0.044671743560988186,0.27058942600497715,0.0
0.6686880303076017,1.0614891364382446,1.0
0.5004020636220359,0.7374572130863558,1.0
-1.1473880923695092,-0.09040919121441748,0.0
-0.06863803474529762,-0.9261348388195074,0.0
-0.4108733085273193,0.5395708717109079,0.0
0.7758979157628516,-0.4364438427226732,0.0
0.3644967025202846,0.5799614635106141,0.0
1.1782074209115367,0.13606286795892963,0.0
0.19032641760229763,1.3855207111389312,1.0
0.7058981537332274,-0.26378552998504134,1.0
-0.5572828534611738,-0.1459086879912024,0.0
0.1800670217729463,1.194567820492515,0.0
0.5846559744687292,0.8230955078588407,1.0
0.02530042493266424,0.43406473628101405,0.0
0.6827644962620686,0.3915493706780846,1.0
-0.8842482027440739,0.10293522287798051,0.0
-1.4348765492991644,-0.8630107042450981,1.0
0.5035106757184258,-0.12006184549850615,1.0
0.4508787927553141,-0.16087708595327435,1.0
0.16155055069357027,0.8499506771260854,0.0
-0.8686238167410142,-0.49577667128204683,0.0
2.7491925724268897,2.032092891177929,0.0
-0.7324671641912677,-1.0252884028403102,0.0
0.9025197923319348,-0.4316498195638554,0.0
0.7987948795569816,0.4381512063131927,0.0
1.55916934155532,1.290336963888151,1.0
-2.4349941348020105,-0.0442588022121706,1.0
0.2641456266923248,-0.12298305289424147,0.0
-0.7252208208835389,0.9239510455162425,1.0
-1.4939206301156736,-1.014682622808141,1.0
-0.897730776045121,-0.7290779076898709,1.0
-0.6036182393318669,-0.2662866126006632,0.0
1.1613757597683803,-0.5677104452167299,1.0
0.298365467043169,1.9485243998071384,1.0
0.055825475094445354,-1.6819836597960074,1.0
-0.47614911458493003,0.2079234954858208,0.0
1.626694957591163,-0.7091912080816802,0.0
-0.7301306792903423,0.38509030490456647,0.0
1.1875448147437033,0.8275015160043038,1.0
-0.505516857167361,-0.04629739093729712,0.0
0.017808020874137603,0.1561568487910724,1.0
1.6607500550415026,1.291658228904089,1.0
-0.48742083984278056,-0.2636820470787764,0.0
-0.5546870144929088,-0.4274229089847216,1.0
1.0867699997658788,1.7753573599843062,0.0
-0.25767499075268585,-0.5748452319383344,0.0
-0.7853084701705096,-0.7980473498565794,1.0
-0.4569755325847332,0.27849452126819735,0.0
-0.849466738158354,-1.551964099703792,1.0
-1.0400518527176623,0.3128205138694109,0.0
0.2269616196510492,0.458129255933586,1.0
-0.7398886871456533,-0.43330246273294126,0.0
1.4545514020898853,0.9586990961115205,1.0
1.8215620596633704,1.1906348249679721,1.0
0.6240821696860731,-0.3686979888321761,0.0
-0.3233757548498229,-0.3060567970314458,0.0
-0.7825008817494673,-0.7414086595420812,0.0
0.7588897523831934,1.4691471966686214,1.0
1.3279953510517437,1.9780209645602085,0.0
0.10139771693648503,-1.5056813899995645,0.0
-0.21857651476921502,1.6090878525289958,0.0
0.044957486252946266,-0.6115099513000244,1.0
-1.8509322297287023,-0.14890409695306017,1.0
-0.318326839351939,0.01822998937717435,1.0
-0.0644210291143888,-0.620200843166694,0.0
0.4074688039791538,0.7507398841031132,1.0
0.22738699792181463,-0.46132569298275194,0.0
-1.196064573843199,-0.3355945626267778,0.0
0.3042079127330014,-1.832850410220629,0.0
-0.49634634822593526,-0.7417067698443398,1.0
-0.7115652871923139,-1.2099473331650479,0.0
1.4231944447340972,-0.9145922285952096,0.0
-0.21671894610054343,-1.1441058800209825,0.0
-2.749074885144983,-0.24106120620683136,1.0
1.3643756388791366,0.30913780474006414,1.0
0.5991866585409364,0.0011020618012192451,1.0
-0.016432205839598396,-0.4226646663890386,0.0
-1.595223222367427,-1.2503307449062544,1.0
-1.2528453451482997,-1.141149860151455,0.0
1.4438180646699035,0.8905106768256631,1.0
2.338346136258877,0.9517959000586265,1.0
-0.7518583400989818,-1.2106337428351053,1.0
-0.06503654203166602,-0.05020182226676154,0.0
0.875980494898667,2.1178230888371723,0.0
-1.114666215563473,-0.043555904482165064,0.0
-2.4213534487327393,-2.323729409250612,1.0
0.40864925309993205,-0.18192237863494498,0.0
1.1379092656842467,0.8663813834757412,0.0
-1.3431868356882313,0.053820076037849884,1.0
-0.7603118847905741,0.44938396904060357,1.0
-0.6097041955602388,0.44572387450171735,0.0
0.6380942803197105,-1.2100440733866404,0.0
0.676923990317916,2.146441331526001,0.0
0.6717462618128547,2.8858363965419414,0.0
-0.7329927431302612,0.16127157094298883,0.0
-1.1603401293341589,-0.3609249201004087,1.0
-1.500406523936575,0.5806083984137358,1.0
0.8420200102254877,0.054927463822662836,0.0
-0.21534469291713026,-0.3419007047236333,0.0
0.34291784663270747,1.3060354633343203,1.0
-0.09702105262790633,0.8006175166614349,0.0
-0.9756667698554866,-2.2904322685010627,0.0
-0.06444930597533327,2.15539457168713,0.0
0.11630998480130007,-0.25021586936763823,0.0
0.4470756689478046,0.6512570623124057,0.0
1.714055660670223,0.8727831210311181,1.0
0.17486320018734214,-1.2713076219854784,0.0
-0.48244264118116886,-0.3692758513728159,0.0
0.24765040091086565,1.361409318697611,1.0
2.0065337454470127,0.7043713200552149,0.0
-0.4961294692766789,-0.3167278285205837,0.0
-0.3484841262318007,-0.23445767813151747,0.0
0.025901888436324905,1.5446446011433834,0.0
2.071980023906477,1.4597216248807139,1.0
0.9608557967823887,-0.06510204861402236,1.0
-0.07655165913352913,-0.8624456585862599,0.0
0.2071551566060541,-0.9265187160482637,0.0
-0.4077023713364152,0.3239005109251227,0.0
-0.4265103080302679,0.11881347016753441,0.0
1.8150140184089896,-0.9555450181035339,0.0
-1.1206905510397256,-0.2436730704435321,0.0
-0.5369916672374611,2.7725150936708505,0.0
0.12194439986696087,-0.8115793119393003,0.0
-0.9651300718867171,-0.7289483213917379,0.0
0.309739764221593,-0.924779887526036,1.0
-1.8923414116851445,-1.3578469256514527,1.0
0.5621357472968516,0.7666813462317601,0.0
1.9141327838703124,-0.11765255305541411,0.0
-1.6147854893948823,-0.8802012465907161,1.0
-1.1074816104812126,-1.1433623410555567,1.0
0.6010146298070094,0.07975343600998147,0.0
0.5715252893648279,-1.4411909105551055,1.0
1.6926862000651302,1.6005161940583572,0.0
-1.016577962522614,-2.2760371152716927,1.0
0.18552507290135936,0.4543213941862919,0.0
0.31613438117889414,-1.3520881215623348,0.0
-0.40129862917731407,-0.10545051812251724,0.0
0.4820494882457161,0.7246445432353038,0.0
0.23236897113836555,-0.6735178124896177,0.0
-0.726101172006101,-1.2564022828023174,0.0
-0.2724381675554548,-0.11939955009768571,1.0
-0.42240551975267865,-1.1002499696541115,0.0
1.4279416246372398,0.7620107465665338,1.0
1.768743589397662,-0.19463446586608468,1.0
0.2699176507696204,0.28088654031011573,0.0
-1.887308028623683,-0.157043987815639,1.0
0.461552843343622,-0.24193502553675156,0.0
-0.6746760801995374,-1.899116246127175,0.0
-0.15563136979174397,-0.017110959865012473,0.0
0.6159284838467144,0.49495189395889777,1.0
-0.34055073902573096,-0.024712791969651926,1.0
0.7829902680437484,0.4112324014538698,0.0
-0.6937597269809308,0.8374887791883818,0.0
2.0650242811493027,2.356094643354204,0.0
0.470431058091186,0.32294068472516685,1.0
0.23551908402972227,0.9887465049555659,0.0
0.6907872391704275,-0.11189839156561487,0.0
0.591175546932728,0.6494982005514602,1.0
0.142543316844304,2.934790694020781,0.0
0.9069445039335469,-0.21399748334063456,1.0
0.9892751833611382,0.2578392524977848,1.0
-1.1139186399123644,1.3930686635314482,0.0
-0.8727805211730955,0.7173566596799376,0.0
-1.533162657380898,-1.325259247106984,0.0
-0.5932161468700763,-0.9946685452236713,0.0
0.737690731080562,-0.7892621943432183,1.0
-1.0253431723516842,-2.316936721083932,1.0
-0.030381852072450477,0.14079440022170006,0.0
0.9234619637483126,0.06770340166930455,0.0
-2.6170958291757285,-1.33053018664319,1.0
0.5653256683227984,0.005353664703833083,1.0
0.9111106159683098,0.24084989960413905,1.0
1.13995771990416,1.3526300006795102,1.0
-0.7486269591634513,0.13988474048975158,1.0
0.577684132676848,-0.02918761543224735,0.0
0.8936658051606814,0.1794898914305958,1.0
-0.8890769134926731,-0.05300858916309653,0.0
0.985849367928375,0.7583876456786558,1.0
1.4296562741538035,1.8784033789010732,0.0
-0.18124818809882393,-1.2626389634355393,0.0
-0.6539418237295868,2.0384688604837145,0.0
-1.2006601057759307,-0.9226457004519748,0.0
1.3146419727090914,0.766592449877832,1.0
-0.14498734607340513,1.37834669357437,0.0
-1.056908949324136,-0.5638931103222934,0.0
0.48965115292575656,0.010710328835821181,0.0
1.023541241498339,0.7473830038849784,0.0
0.6366593069698698,-0.16276484596656868,0.0
1.3507673874515123,0.09394903628709272,0.0
0.14211908457052225,0.9633187619235725,1.0
-1.9216256650455181,-1.2571295680299812,1.0
1.3225344879249399,0.3777899414030456,0.0
0.02111242152516385,-0.7574359813239762,0.0
-0.9329496559164825,-1.109284987030577,1.0
-0.13387811287298323,-0.5534971043955077,0.0
0.42237228707720653,-1.0086961541232582,0.0
-0.6601173864983383,-0.8603474143458855,0.0
0.5954369090107843,-0.023584518897020568,1.0
-0.25796215752978974,-0.20556915793709413,0.0
-0.3662000653376241,0.04238435087330014,0.0
0.09772184629217795,1.622326385446127,1.0
-1.1639855202492235,-0.7646624047803192,0.0
-0.5578430113231265,0.8737877559380239,0.0
-0.7270247869584245,0.3410210251486265,0.0
-1.242890779076153,-2.6662766547302432,1.0
-0.04123984784787893,-0.31662763831627283,0.0
0.7308146093681089,0.9521205863980654,1.0
0.2880115799885448,0.7759024659954535,1.0
0.6562976375048232,-0.3337194742699072,0.0
-0.44234048548957605,0.7936508414309805,0.0
0.36293627271375584,1.0654845474325396,1.0
-0.4312035731666486,-0.2705618451063664,0.0
-1.4128554717351411,0.22271499576164377,1.0
1.5988571431739727,1.1800088963372106,0.0
-0.5030161696017447,1.0098437051839604,0.0
0.5446915863243561,-1.2473119055254982,1.0
-1.4158148249415161,0.44428427503241147,1.0
-1.9217631344742772,-0.09886210505708504,1.0
0.5178297956733862,0.36436516805317565,0.0
0.6925216255796849,0.17982306513058038,1.0
1.8795699563879738,0.8491896534060397,1.0
-0.5015327615075716,-0.7976012957008365,1.0
-0.11602946364977995,-0.6161931064967001,0.0
-0.6156905580556299,-0.3305845036819123,1.0
0.11151573521422653,1.0486082224697555,0.0
-0.07484682861563234,0.10633037150051938,0.0
0.053731779191313056,0.608379118090687,0.0
1.2114921306093422,-0.32952856498865896,1.0
1.4413354027844316,0.10642949814219715,1.0
-0.8895611618653784,-0.03447497640088343,1.0
-0.16362592412768825,-0.16618227611323277,0.0
-0.0066356274172375,0.2732760347537485,0.0
2.298262476818441,0.07190600193166174,1.0
-3.2182195552415696,-2.5504947428725395,1.0
1.3409562991509065,1.5281161291149994,0.0
1.5809142146697344,0.8326760950591219,1.0
0.07041748578730694,-0.5832125622581064,0.0
1.0753358789350562,0.3232575492381543,1.0
0.4631637042362147,-0.17189619903364697,1.0
-0.14791380633956483,0.05526544858965178,0.0
-0.5212035402571427,0.06875152694957715,0.0
0.8579477661449361,0.9715233749301928,1.0
0.9623363168491436,0.3254258503419351,0.0
-1.1028217175829038,-1.6264842088732114,1.0
-1.7165479378114574,0.15346741245409323,1.0
-0.7405917583317786,-0.7706866077371057,0.0
0.0748796392047425,1.305624663513157,0.0
-0.40084494616076194,-1.8111518231038244,0.0
1.257173109350206,0.7101835856413636,0.0
-1.2398345148703631,-1.159221562098439,1.0
-1.350522326876268,-0.8291228262618578,0.0
-0.22126204634360158,-0.008063133003637105,0.0
1.195300034828472,1.020875992663113,1.0
-0.6728057679718542,-2.7850510860993962,0.0
-0.9051758043636497,-0.21574606411857983,1.0
0.7699576607738347,0.4942663471980644,1.0
-0.4723421640611911,0.7092802365795728,0.0
-0.82959679273681,-0.49256270192436535,0.0
0.25831598351231955,0.540356368470365,0.0
-0.3963257991038337,0.21133335104531897,0.0
-0.6776605715656348,-1.179671522455092,0.0
-1.3620810383684714,-0.38392126881897065,1.0
-1.9163477984593869,-1.838625880734107,1.0
0.4313634496953702,0.5403102299324278,1.0
-1.0538705866874514,0.34250094438558765,1.0
-0.17126933841551986,0.23619729821293592,0.0
1.469714038740336,-0.3356683211031922,0.0
-0.554956279897282,-0.006965598793961636,0.0
-0.5409479898824127,1.2744199090034087,1.0
-0.20293511773301598,1.0572828491606985,0.0
-0.07218314920476027,0.8014773073010699,0.0
0.12578945459077234,-0.12048871266714596,0.0
-0.027824853757046214,-0.4644255281289895,0.0
-1.1618630030670056,-1.496171831978774,1.0
0.2647454857047754,0.8245123115434165,1.0
-1.0236083736585495,0.06950066148748801,1.0
-1.1373031184898108,-0.7560454499895038,1.0
-2.4328860445308824,-1.4382130747344681,1.0
-0.37688206110205336,-0.6757434875270836,0.0
-0.444310436738527,-0.4342809953541931,0.0
-0.10099943251899995,-0.6419989153310373,0.0
0.32012521950116457,0.2391810739155579,1.0
-0.8819422960938292,-1.3570280384758626,1.0
0.36337760786319745,0.9046807271074707,0.0
0.7481396965463543,1.3331617253122312,1.0
-1.1267639658062891,0.8675969693544195,0.0
-1.0175483078368897,-1.2732126196712494,1.0
0.03646277745668838,-0.25822643605695667,1.0
1.0154688030477903,0.2881961448642378,0.0
-0.9314716982236033,0.24187064442585332,1.0
1.042911213601407,0.37511238264880453,0.0
-0.01586630841709656,-0.24945318398954897,0.0
0.4637551373371686,0.2990433553190278,1.0
-0.1473172896788719,-0.6318540929713298,0.0
0.033120964663663655,-1.7386464960587484,1.0
1.9627646732581387,2.061755751043059,0.0
0.20098369958813422,-0.03914246033794094,1.0
-0.43610197144105334,0.9225495046521335,0.0
1.0622841143098833,-0.6713702380829064,0.0
0.020046010762571176,0.1902756035338503,1.0
-1.066380957748136,-0.4744013651474495,1.0
0.3651149416930823,1.2864048728600779,0.0
0.6840487082213804,0.5759745146039196,0.0
0.45236687113182034,-1.2530195722760809,0.0
0.69465750891807,-0.1915543860727668,0.0
2.1484563520895152,1.0193644479762116,1.0
2.0099645952630714,0.7945922938524796,1.0
0.6367499620993503,0.7904866146364904,1.0
0.9030776558134359,0.02097569721670478,1.0
2.0652011020159073,1.8432349436030733,0.0
1.6815387182066093,1.3318288755436192,1.0
-1.5609186290774884,0.5110629544466107,1.0
0.7024487410726719,-1.1780521814484555,0.0
-1.8992924308800658,-2.1998104639035674,1.0
-0.44267660501431433,-0.39186826408537423,0.0
-1.0271351287625419,-0.7725755559822781,1.0
1.1382716025777702,-0.07617842601056446,0.0
0.22072080404603495,0.8232953737809502,0.0
-0.11030477993116361,-0.6108270617471351,0.0
-0.5599523415220093,-0.8002257471126253,0.0
-0.20424960359475247,0.4136910840896605,1.0
0.07943478405495272,-0.17553485124996726,0.0
1.866678497044087,0.6365231407931329,1.0
-0.4213372946675472,-1.0471550002742436,0.0
1.3301633643823099,0.6276379792680373,1.0
1.251676491155668,1.8697828116604938,0.0
-0.7489238657338927,-2.411483255515867,0.0
-1.3284024287139846,-1.462739216960199,1.0
0.25259738460631703,0.9189008352957694,0.0
-0.5809666884934779,-1.0468838351273497,0.0
-1.1611704958451392,0.01604558305699777,1.0
-0.7714913383732285,-1.1767103972583732,0.0
1.828163823324711,0.7626314322886546,1.0
-1.6533399342809094,-0.8060909426640784,1.0
0.18888325115171167,-1.1304911904211548,1.0
0.474625103927113,0.3633999033997297,1.0
-1.5819750387206386,-1.7299596932110297,1.0
0.8365822886090242,0.5226929195135052,1.0
0.9947173375548568,-0.013202538670711084,1.0
-0.5940642666321482,-1.3413885571971556,1.0
-0.7590905424475162,-0.7879697436134214,0.0
0.7751610757060089,-0.1540838764427549,0.0
-0.14088248337451015,-0.3469393438940051,0.0
0.5218309759262758,0.028218435907321288,1.0
-0.41128808599671673,-0.5401232678457136,0.0
0.7598217670062934,0.21192004427159095,0.0
-0.23030940322201168,-0.363468121761604,0.0
-1.6312722087094844,-0.973028192558848,1.0
0.07272817490334027,-1.6482912546685482,1.0
1.6133219348593877,0.7502273384337214,1.0
-0.10954478045579416,-0.06538116810843428,0.0
-0.17539981302783864,-0.06631714080140949,0.0
1.0860151435547358,0.42447942772507075,1.0
0.9900840343623186,-0.16262521664375967,0.0
0.20742872131068016,-0.5930527015282787,0.0
-0.9889508831389208,0.22736211445429771,1.0
-0.8151359851629151,-0.9490317904719792,0.0
1.17441946459424,0.3404605651526758,0.0
-0.8792943313006413,-1.572449566283761,1.0
0.7098244096140672,0.049401419508125044,0.0
0.4171512262363656,1.247261445437577,1.0
-1.0928492334887174,-0.43045082950937097,1.0
1.3282958280119104,0.9431942611614272,1.0
-0.8141766049300946,-0.800632644867092,0.0
0.7927396781867544,0.15093839217298582,0.0
1.0149476166207436,-0.049303330862090655,0.0
1.2628276663128846,0.21014943708857237,0.0
1.294726522563627,-1.669956275563814,0.0
-0.8050163454484722,0.8890222893708222,0.0
0.5997066106924553,0.4040794213791624,1.0
-0.9348334428139791,-0.017035177044259442,0.0
-0.15343986032662008,0.535329640157563,0.0
0.9174899625386095,-0.3725977188007229,0.0
0.5745212714988027,0.44164629723504367,1.0
0.12262284039775671,0.14275247952899991,0.0
-0.3535293458193642,0.2476614735389001,0.0
0.03139940343747266,-0.9618149254600559,0.0
0.910382076351725,1.5634224067542914,0.0
0.4467661269297776,0.2791120591060166,0.0
-0.08006874650786794,0.8067522922061747,0.0
0.5484894608089499,1.874228274481625,0.0
-0.05339218145061203,0.8399624311562308,0.0
-1.2275496829856707,0.3561637994185574,1.0
1.5416872047400616,1.552833816341935,0.0
1.3862263435072477,0.997896272418207,1.0
-1.0327015609763117,-0.6948485004528157,1.0
-0.6043337551072635,-0.5739302187082062,0.0
-0.24484125439798649,-0.7185791752708193,0.0
-2.1087921408222003,0.09983231482814303,1.0
-0.5361623561397995,-0.4039833563911195,1.0
-0.0010329293393051553,0.5032421160304494,0.0
1.0448253976007211,1.2327045474898501,0.0
0.523225382043696,-0.9685282460856435,0.0
0.04109268020672754,0.027658574549817377,0.0
0.9402600389050105,2.565795751181908,0.0
0.03935549539270422,-0.3795378241534886,0.0
-2.0300822813229074,0.5806567364127702,1.0
-0.16400638285612443,-0.19595385272663268,1.0
-0.23442334328065484,1.0637606365626469,0.0
0.9535608592570045,-1.0790515138053365,0.0
-0.7204690862601706,-0.025990832341422465,0.0
0.142761392186601,-0.7284834178433378,1.0
0.5881336046827083,1.868013636814237,0.0
0.5814268643520405,0.9325297525134645,0.0
-0.603107086461738,0.44558684876714827,1.0
0.8805483527471122,-0.0470605415487268,0.0
0.6577717437563938,-0.4299909423264898,0.0
-2.714046949459015,-0.0923262960974982,1.0
0.4114735006453193,1.4624035518872045,1.0
0.27333534245340996,1.0723443242245594,0.0
-0.35675602498164766,-0.7173382789860163,0.0
-0.3677618549673969,0.8044058576216677,1.0
2.06310491386705,2.2917656631185186,0.0
0.46406284982966994,0.42955354963894105,1.0
0.23699754656920072,-0.6674273369488215,0.0
0.7099310886475803,1.4030592122949654,1.0
0.549188175177294,-0.1280316274043065,1.0
1.8684935830432714,0.5598594113532591,1.0
0.8075422939287871,0.6638215402847578,0.0
0.5592527816047042,0.14316268318758932,0.0
0.8149115106947796,0.06946005337329342,0.0
-0.05739776314936956,-0.5806640186376639,0.0
-0.9469084594706482,-0.945531569628023,0.0
1.0988657047829122,0.12082693384807003,0.0
-0.8301131595614273,0.3236679360318177,1.0
-2.1846481037465875,-0.9133048415884839,1.0
1.8757239645786448,1.4339583110692244,1.0
1.3657524164557011,0.5365863309451901,1.0
0.19254400037175928,0.0631466326664164,1.0
-1.2992192334595118,-0.4008767535951219,0.0
0.5129058721997347,0.4570155564029521,1.0
0.45056057922167425,0.7483117026336659,1.0
-1.0079626281640266,0.4214792810364971,0.0
-3.0339098736108103,-2.1971783167114887,1.0
1.3529433889963887,1.151248871661153,1.0
0.09091969170084832,0.3706606443371735,0.0
0.15469404096898765,1.6103582595148327,0.0
0.8897370283269446,2.3040329672866333,0.0
0.30414399279919124,0.06156844741594317,1.0
-0.5665410490167481,-1.4287531203289183,0.0
0.018940223626795705,0.041758869655791675,0.0
0.7080296795207489,-0.2684330386306859,0.0
1.5828060794296623,1.6831951937622027,0.0
0.3411679962243384,-0.40797916961109837,1.0
-1.6116904893468893,-1.809557507784013,1.0
0.6569632157381216,0.20572526455861545,0.0
-1.6244222709644065,-1.3356096167308646,1.0
0.9029186067629943,0.9434510548851658,1.0
1.3875107884333808,2.422053175529208,0.0
-0.45483201453759875,0.9848108713447332,0.0
-1.0635525087629043,-0.5555343655292957,1.0
-1.5981877115679117,-0.3169802852037591,1.0
1.401577507080628,0.8171800735255839,1.0
-0.6620788823078153,0.00811524805030972,0.0
0.2827180144907655,-2.1075070376235927,1.0
0.3315526427094002,-0.28079452691960055,1.0
2.2047666591651924,1.1877342972954885,1.0
0.19702369669809391,0.2876227888915371,1.0
-1.0406248121977049,-0.9023366122414458,0.0
-0.6776144058345575,0.32276373851605233,0.0
-0.5477615903984947,-1.0319139766081946,1.0
0.7752106706136714,0.3465863397969817,1.0
0.07725394440788491,-0.32774769707620344,1.0
1.0552385882958208,0.2958715840903507,0.0
-0.4781251859441576,0.017534638404935493,0.0
1.7356656244589614,0.30409982302903216,0.0
0.44473816386331033,-0.34427093056178093,1.0
1.3705103095251254,1.7005265395813203,0.0
0.69301975884946,1.4342030217206685,0.0
-1.256727382251287,-0.5068605143450475,1.0
-0.8886451272210513,-0.4517196148587957,1.0
0.6392406403123885,0.45068928468100816,1.0
-1.27035704965799,-0.4129335233750734,1.0
1.261735415832801,1.248578413039547,1.0
-1.7856378661878645,-0.22310833904908112,1.0
0.08735098525792584,0.05680442773019753,1.0
0.4207772224753626,-0.8423692120452655,1.0
2.0913577031560315,-0.5827372318752893,1.0
-0.15979542743549774,-0.7342132959992356,0.0
0.5496962441864299,0.7430018281157431,0.0
-0.31225978978051083,1.0358663090407112,0.0
0.9260600318431631,0.18961198590180883,0.0
-0.813520967064515,0.4636763167670881,1.0
0.719653679063893,-0.0630709449631483,0.0
-0.7387630967350332,-0.29407760968941304,0.0
0.8294175160175632,-0.23030343086598232,0.0
0.7031643241837093,1.3084735203900437,1.0
-0.8741665447683518,0.338341775924636,1.0
-0.33345065437940197,-0.5764312169014889,0.0
-0.3527938847587428,0.42969719356306096,0.0
-1.2821184424039933,1.0518605910896142,0.0
-0.6031014971649682,-1.1048519307955549,0.0
-0.5966120416026893,-1.1181587667797044,0.0
-0.39688258896357204,-0.6648308212089712,0.0
-0.41301305132302996,1.077871966883829,0.0
-0.7347796484810767,-0.5086049386125278,0.0
-1.5853209969357258,-1.399686096074227,1.0
-0.8527512444259008,-0.45628280752327754,1.0
-1.3605534036692237,1.057145686273429,1.0
0.6445876402768043,-0.8253042446541009,0.0
-1.0958270746743708,0.08742507651036546,1.0
-0.10004216189090687,-1.138643139106637,0.0
2.130338523754987,1.6874915981952947,0.0
0.3049195583000245,-2.037371557071297,0.0
2.430571456691515,2.729480561213622,0.0
1.194333354735413,-0.14942123183732214,0.0
0.214995493139294,0.04932848905270851,0.0
0.9212988653925408,1.0258691554139587,0.0
-0.9319477050210283,0.7583739584066969,0.0
-1.8742601015193585,-1.7374154886756596,1.0
-0.9699003965330647,0.4942245221653765,0.0
-0.697093278047886,-0.33624746084103085,0.0
-2.1004066364285254,-0.8240732892788353,1.0
0.2163157316215625,0.03407005903941181,0.0
0.08519368340595568,0.5057296582816397,1.0
-3.632003868515831,-1.3898859575598685,1.0
0.05536657714624066,0.9473926467710345,1.0
1.4295545415692037,1.2881258042711614,1.0
0.3327851814369741,1.1202972450126918,1.0
2.141493382331568,1.1249193629896315,1.0
0.6633612017331836,0.776944231302875,1.0
0.4160152179532183,-0.35974184066346826,1.0
-1.7879770717531207,-1.046334535874569,1.0
-0.30313554470782317,0.536732011740888,1.0
-0.8696295950502039,-1.0998886544495936,0.0
-0.5990321678904736,-1.862647030264524,0.0
-0.5696833121291904,-0.5152235704354278,0.0
-1.6824892303141228,-1.5881784950424958,1.0
0.08873115297497808,0.7991370017264068,0.0
1.4813639714235998,-0.011460188222767953,0.0
-0.14669754481408118,-0.13895242963339044,0.0
-2.431711051411997,-0.8735824042857546,1.0
0.8981073308266787,0.40234722772844617,0.0
1.190553240433653,2.2052767515102225,0.0
-0.3879688541526632,0.3203596535479697,0.0
1.6378834116319738,0.7769967630622101,1.0
-0.4872073899486161,1.7189278810957096,1.0
-0.5758570514421397,-1.266029798023125,1.0
0.45382617906624956,1.5266275575438937,1.0
0.7511733379286583,0.6842386421197079,0.0
-1.4291194150653341,0.06758964997336969,1.0
-1.7565943224288816,-0.2927822008410985,1.0
-1.4857811758198647,0.14337229087539605,1.0
-1.5865961532268342,-1.6641188245034868,0.0
0.9197356914463997,1.6943105733910195,0.0
-0.9356832414558003,-0.8325684998642934,0.0
1.4437821500321086,-0.8419785196470468,0.0
-1.2544652068426956,-0.8832766800892106,1.0
-0.26811509047559784,-1.1093893214555328,0.0
1.5260549297008819,0.6779711627137339,0.0
1.6213458204624236,2.4394007012641037,0.0
-0.3678771317474876,0.704407840759325,0.0
-1.1290131151188891,-0.04425326325423207,0.0
-1.135516392015716,0.16928057909340416,0.0
0.6760183572409048,0.7243450946747056,0.0
0.12239237597102409,0.3444875953258879,1.0
-0.5655799696423083,-0.23282382548142763,0.0
0.07712632755768736,0.007499829179538467,0.0
0.4118286024950414,-0.48566093401625243,0.0
-1.7333670295159425,-1.004724262164366,1.0
1.9243195997945155,-0.22091835915711744,0.0
1.1636734512422524,-0.37088985000242647,0.0
-0.533296392601156,-1.431403287830894,0.0
-0.3479976238068203,-0.9113845250739216,0.0
0.9174145081612011,-0.41104475993636536,0.0
1.080653555837698,1.5081342286776316,0.0
-1.0219737244633773,-0.7556251779827735,1.0
1.3265134200654538,1.0182365847128636,1.0
0.34413249712665916,1.8173125577137543,0.0
-1.5621850686113297,-1.5655423611777661,1.0
1.4103629695341313,1.0875241021563675,1.0
-1.2590909187820336,-1.1550058697002494,1.0
0.1911750325047239,1.6383242021394522,0.0
0.7031801632950967,1.4898171714417217,1.0
0.047163874050264155,0.14341221340491048,1.0
-0.7407533582649298,-0.02812155349072143,0.0
-0.959322606546995,0.9962060514931629,1.0
-0.3724901430915602,-0.3826471059925005,0.0
-0.3839499924991369,-0.6101706515669043,0.0
-1.0391950565591572,-1.8857857548097416,1.0
-0.8985980569343797,-0.6409418449823712,1.0
-0.44543114136729334,0.37664939449791346,0.0
-0.8886639795793111,0.7403360507900404,0.0
0.59720414278686,1.3571870376413042,0.0
0.3714254592218064,0.11430672013827747,0.0
0.4336643139301822,0.2341900774891967,1.0
0.049850684314986626,-1.2281047816638506,0.0
-1.6831928238269884,-0.207983624193406,1.0
-0.7689728248613452,-1.8528628032580228,0.0
-2.972590006523465,-2.0751907208588753,1.0
1.0323112932015577,-1.304137415414233,0.0
-0.39673002847966143,-0.1252137822734895,0.0
0.6764076715022015,-1.0908237896694626,0.0
-0.5850877201583315,0.250528878671596,1.0
-0.7217159695576005,-0.9178039176597409,1.0
1.029258622323019,0.3608947371580478,1.0
-0.3198354615005945,0.7029154090868891,0.0
-0.5516981400614174,-0.5991357889402915,1.0
0.9390610353960918,0.7239721987428095,0.0
-0.12066079978893973,1.2348739138823743,0.0
0.7493954408442413,-0.20919340870436837,0.0
-1.1806919793880506,-1.162119326195681,1.0
-0.19972302706224015,0.4276057378148397,0.0
-1.5789600770077248,0.09659041336281071,1.0
1.8386799955926212,-0.25919953713154875,0.0
0.7706558379286228,-0.39716661472419135,0.0
-1.11902568879925,0.5411913887596298,1.0
-1.6207799707709818,-0.37041633033735133,1.0
-0.2899863494493823,0.21858133352063752,0.0
0.3428529756298082,-0.7746243989065019,1.0
-2.2268255243810637,0.16258338969375075,1.0
0.9787686555482169,-0.17748267210571383,0.0
0.9461357115250929,-1.5774312856934933,0.0
0.3119546195311902,2.045840643758431,0.0
0.250291685725747,-0.03645972521653304,1.0
-2.2817768155555433,-1.625964497442081,1.0
1.2398429288382349,-0.6517707913114266,0.0
0.21332677264585254,-0.5946625260832346,1.0
-0.8175052973662587,0.7149482523328581,0.0
-2.1652056211250157,-1.2873954352219252,1.0
1.204156552994698,0.56809300370977,1.0
0.052148725051973675,-0.03925801732619376,0.0
-0.6564192519938631,-1.050488318837729,0.0
0.7308951700664973,0.233843304585846,1.0
1.1903400260810582,0.16102714835190035,1.0
-0.7796257189216702,0.09874111346407177,0.0
-0.09737467115845325,-0.14183781391378064,0.0
-0.29740193346157917,1.3314182314057939,0.0
0.4074128264544829,-1.2760848412615786,1.0
0.23646853378235844,0.6077500376308075,1.0
0.3138141082460033,0.1615147094274819,0.0
-0.24425445817695735,-0.006028442468337433,0.0
-0.10197520827962445,-0.1968713545499728,0.0
-0.3197185247295453,1.0032126418854863,0.0
1.1086679335726453,1.5164387421635448,0.0
-0.6484397598652318,-0.07340862534708159,0.0
1.4947907802900975,0.5486072350162516,1.0
0.4775335106569951,-1.3472327958710386,0.0
-2.4804048352228567,-2.2060177818832187,1.0
0.43481984344406777,1.294024500017396,0.0
-0.2700042208788638,-1.7146013471817836,0.0
-1.7000774705416475,-1.2195132584959154,1.0
1.4293010621146962,1.9487330707158732,0.0
-0.7660170510749114,-1.0747325333309947,1.0
-0.0440305979775647,0.9192609386814996,0.0
1.3812133175770331,-1.357678778479285,0.0
-1.5461119923154611,-0.8154525564210766,1.0
-0.18942945784536636,-0.1857770249208315,0.0
1.8584171305488844,1.7154579712099995,0.0
0.6097924965574504,0.3950554622358362,1.0
-1.5584616401763232,-1.3432104041268016,1.0
-0.5020210538792431,-0.328945708577083,0.0
-0.3247072216439549,0.8238136665736513,0.0
0.18180345012725524,-0.06830302027936579,1.0
-1.3815593217343045,-1.2301768820723316,0.0
-0.38181094466423954,-0.318703074562375,0.0
-1.227671776469425,-1.0100795556315256,1.0
-1.0394272780580636,-0.7983119892563483,1.0
0.30108235875772293,2.603085482989682,0.0
-0.21358596203445326,0.10487806013355461,0.0
-0.5918701827074923,0.1922728236069654,1.0
1.3862911987352897,1.7059998180520446,0.0
-1.3996369514163347,0.28447878735796195,1.0
-0.1729740210367535,0.030934565580855833,0.0
-0.9465179630505498,-0.5927141312404123,0.0
1.0627095940790043,-0.8496976236254575,0.0
0.6177855840933063,0.3498709732207893,0.0
1.5199366983813904,0.8309613697958942,0.0
0.2238562127460338,0.46405352441300884,0.0
0.5209857729471392,1.2314508980299657,0.0
-0.455872852429272,-1.465606461203973,0.0
1.368022750338251,-0.3013642874757305,0.0
0.24089233622864448,-1.1351148015479577,0.0
1.0286193597593387,-0.6213085412803505,0.0
-1.4884316065822194,-1.0542788023318108,1.0
1.2776402504895406,0.9790664508124178,1.0
0.5476844879000416,1.261161677185026,1.0
0.7228498507032278,1.584499153676837,0.0
-1.0020417429095745,-0.7714179030030094,1.0
-0.2693928999927286,0.4191784356596192,0.0
-1.9040540153535466,-0.7163885294484215,1.0
0.3308806478768252,1.199397291709188,1.0
-1.0199055367309224,-0.5263200867995692,0.0
-0.18633897364336016,-1.7291006410474585,0.0
1.023079230618639,2.1410852610415265,0.0
1.2049224034416552,1.2245309649949125,1.0
-0.42240181333693505,0.16736450556412955,0.0
0.6998360818127309,-0.5918760803080559,0.0
1.1189806468283274,-0.5425421021572889,0.0
-0.9558880295160539,-1.031444402223204,0.0
0.2912296592434029,0.6313867148264375,1.0
0.309103915709264,0.6684946623345498,1.0
1.4029236541618602,0.0901736710180795,0.0
1.3420179980120803,0.6325880829614293,1.0
-0.2549785683845092,-0.5193905837391422,0.0
0.9877789582190981,1.0923890233720943,1.0
-0.300127896279206,0.4334966593553754,0.0
-0.15847102145482012,-0.3327778000398023,0.0
0.09019080188103375,-0.13996508651230502,1.0
0.908121696455605,-0.10655192831202048,0.0
-1.290248091342824,-0.7102855965332934,0.0
0.34581818386883917,-0.3900682413110669,1.0
-1.4401604067164346,0.35824815422127976,1.0
1.057658887655754,0.1252219978414355,1.0
-1.4291254181000919,-0.12692096854634327,1.0
1.0964027805875765,0.4961023156764516,0.0
0.40855990729005365,1.6454187726127492,1.0
0.4977798428796709,0.981626290937083,0.0
-0.5623987674576643,0.9006920308476144,0.0
-0.017271120888925684,-1.5416580068762575,0.0
-0.11768330789457404,0.18199974046110676,0.0
-0.5239311965046528,0.10696900555530661,1.0
-0.07205280911114492,0.2946720190269367,0.0
-0.05163463756528354,0.02114348410281544,0.0
-1.4449419024260082,-1.5299862671073794,1.0
0.13502091593931817,0.6204064447370489,1.0
-0.5886760582288943,0.030064423554533537,0.0
1.1650063313234003,1.4798168246796621,1.0
-0.479834173118647,-0.8896744191030163,0.0
-0.5824947353909715,-0.12385999366251671,0.0
-1.3185958398812605,-1.0215292808321481,1.0
-0.5573479386743255,-2.5534773444072036,1.0
-0.33765768285638426,-0.41888171401608654,1.0
0.04985110293530498,0.5412562703215615,0.0
-0.6327271917701667,-0.9864129147784316,0.0
0.7493653080280195,0.9824412568527303,1.0
0.6207128924873324,-0.28056031461486547,0.0
0.02678406384933242,0.2618935844668188,1.0
-0.3150824579769317,-0.3729724266478045,0.0
-0.9995354282489027,-1.5205061838219622,1.0
-0.541902114021147,-0.569014691712072,0.0
0.362469487364589,1.0104206296274019,0.0
1.6310858438548574,1.8575613607448482,0.0
-1.2360765876690052,-0.7872780850914335,1.0
0.43925147724236835,1.5189729698712011,1.0
0.14367463051835344,-0.8846532208390545,0.0
-0.25841224808085317,-0.2591231309577835,0.0
-0.9996419913259914,0.049803601701155664,1.0
-0.23980366410267417,1.5577261902113237,0.0
0.37803399227080625,-0.08535587687107232,1.0
0.035500168419165264,-0.1479012605898855,0.0
0.25947754519557703,-0.5420395456108488,1.0
-1.6782489234096243,0.20622472979829498,1.0
0.6561486250742534,0.057659231305616065,1.0
0.28278695622101185,0.6549740551640861,1.0
1.0959858214531735,0.014945556924775838,1.0
-1.0517973740738862,-2.3599623343525256,1.0
-2.2226247999840556,-0.4585672654867834,1.0
-0.4063914440054692,1.8001579951000881,1.0
-0.7477972247736617,0.3874679051731894,1.0
0.6348151092966232,1.8049507402976572,0.0
-0.9222475763365237,-0.11004590871411024,0.0
0.6746124348745144,0.3734104146232189,1.0
0.09773515996769264,0.1935511587926441,0.0
-1.2996911806226272,-1.2065728150355288,1.0
-0.7005694845040127,-1.3344771969894496,0.0
-0.1024866993382397,0.12083561062905049,0.0
-2.3219542589157505,-1.4366353407784116,1.0
0.3184025954310644,-0.009655936069354248,0.0
0.33918811893384565,-0.3737625568182601,0.0
-0.9934498652022601,-0.006572152854401214,0.0
-1.3836972115881307,-0.5754264950817627,1.0
1.200814829564956,1.0528530567139815,1.0
-0.8093175558907701,1.3897620270119857,1.0
2.6840395367214427,1.4085911513131846,1.0
0.2933350956355087,-0.2728534886999545,1.0
0.4220127918080722,0.962437155516346,1.0
0.1951895837538164,-0.44477231100335257,1.0
-0.22937588918927146,0.10656166989971096,0.0
0.9420552152574745,-0.1465294457712954,0.0
0.3928593635404528,0.7202183361208011,1.0
1.7248723807242767,0.9522235898393163,1.0
-0.0605029471468464,-0.47798813117507755,1.0
0.13987856562124146,-0.9290228561753424,1.0
2.000842739727193,2.1260585435219395,0.0
-1.5424279535555485,-1.1483036448152633,1.0
-0.12819073411670126,-0.4248429279097227,0.0
0.013671881476554182,0.2988212361978015,1.0
-0.15379034413787346,0.12128283605110798,0.0
-0.36331341802639006,0.4419375862312843,0.0
-0.8845954998034793,0.23191607000833714,0.0
-1.2814763934507776,-0.5770092947681374,1.0
0.9400360808071069,0.5493458183365765,0.0
-0.10672994041862124,0.17391446928681414,0.0
-0.2662509938001085,0.179115797545047,0.0
-0.9968828854355514,1.1571903709792644,1.0
-0.533865666006736,-0.9402650088409717,0.0
0.26631159393420306,-0.9834843954114847,1.0
2.3105434186454867,1.558672071512036,0.0
0.7192721983221515,1.1120392251136804,1.0
-0.6488687667642248,0.3849061117389386,1.0
0.059005508416706515,0.31575983474471303,0.0
-1.31487004064564,-1.063783293257785,1.0
0.049161780482581574,-0.9015601690496167,1.0
0.06343791063780524,-0.8558291567950465,1.0
0.4039316560217148,0.42537643742710696,0.0
0.12290525380922901,0.17635548954500188,0.0
-1.120110213036627,-1.4609050384854372,1.0
0.008627754269258603,-0.9311951899606603,1.0
0.01161940410765272,-1.9626401758201655,1.0
1.3065835254532896,0.7488766537469209,1.0
-0.7926656324218235,-0.21200357754903137,0.0
-1.133506264490778,-0.33622321173714353,0.0
1.9904803897225207,0.8073961798310902,1.0
-0.0776326452236408,-0.257972258565137,0.0
0.5190322066958627,0.3415824453162404,0.0
-0.12738553627418783,0.6176529530987755,0.0
-2.073811395743126,-1.3051231907479726,1.0
-0.2551984999523476,-1.1350691367574404,0.0
1.4771258717010416,0.5358010680786969,1.0
-0.09240065321768115,0.6418804860321542,0.0
-1.8515607033732029,0.4552030358977992,1.0
1.1153044208478984,-0.47623641963746804,0.0
0.20091542128894993,-0.6624579710916416,0.0
-1.1427820141344818,-1.3948615201241505,1.0
0.900139627320609,0.8034281054159553,0.0
-1.5653992709336695,-1.4454854095825274,1.0
0.5799773649783816,-0.985051833463506,1.0
-0.5416856402395933,-0.6262093871815531,0.0
0.08936430761688924,-0.6746943988626142,1.0
-0.32523455284960534,0.06830504161092174,1.0
0.4853424188956462,0.755652945129411,1.0
0.5736983615130318,0.2728254377255226,1.0
-0.3000958204667125,-0.26683871718759117,0.0
0.15630923524317863,0.33810006905422896,1.0
1.583059396431102,-0.11645791517445236,1.0
0.5628924364868394,-0.0023302735291293453,0.0
0.08753133286899417,-0.9666715348026838,1.0
1.2630451670001073,2.227611343924355,0.0
0.14499594466381338,-1.1703594325704512,1.0
0.4304820590635178,-0.22122233730164917,0.0
-0.14554726041429786,0.1272665062863696,0.0
-1.2190467317192941,-0.0335759215849426,1.0
-0.06379701228610674,0.41326614883736223,0.0
-0.908780419718643,-1.3525746988045675,0.0
0.6374078102022018,0.2676978365548251,0.0
-0.1989812709287902,0.8699014858810965,1.0
0.6001224698230008,-0.24607477989050414,0.0
0.3884544316401785,1.1333093211789642,1.0
-0.3778334488895514,-0.2396297322070991,0.0
1.0283516882666717,-0.39252613734911135,1.0
-0.02087463379302673,0.3065255169579383,0.0
-0.760474347444704,-0.2930947573344576,0.0
0.22820732990242545,0.4016082009005914,0.0
0.8775548509697955,-0.1322033503127934,1.0
1.015764121437894,-0.2653838320301219,0.0
-2.1478513409048006,-1.2575536657942452,1.0
-0.009442079759788863,-0.4477500160409747,0.0
0.4982782514357234,-0.6360162727609655,1.0
-0.15760768512178558,-1.6971510977557562,1.0
0.15962492188653338,0.6280155659126097,0.0
-0.33910812681089786,2.038164637658041,0.0
1.0883168572151223,0.05526670869785788,1.0
-0.7271569079013518,0.028179502493362985,0.0
1.4871701278433105,0.44891390075031445,1.0
0.05126956001410908,0.224553673664462,1.0
1.2620869126809917,0.11312761925809411,1.0
-0.9033342496636628,-0.7358751196800344,1.0
-0.3371582862429578,0.38932682991254375,1.0
-0.2751047409262872,-0.03178811004947281,0.0
-0.7969984916589627,-0.6701805562538244,1.0
1.0359669696295482,1.172257307986201,1.0
-1.1904587805347966,-1.264172314166796,0.0
-2.2729587113383753,-0.5176444108321926,1.0
-1.4553361834579497,-0.5074392691938963,1.0
0.3800238276488829,0.7126062084846513,0.0
0.3195847190162686,0.7061874838462302,0.0
-1.0924938828991717,-1.5616526794421612,0.0
0.6213821729159877,-0.7054534048746748,0.0
-1.4817804065177538,-0.9869751439901995,0.0
-2.311245314959108,-1.617137896095791,1.0
0.2771276129066025,0.09689363437565231,1.0
1.02050008987223,1.1618868852302664,1.0
-1.0524783265609052,-0.7801071657004811,0.0
-1.5602205506306626,-0.05351369774542025,1.0
-0.476313025141211,1.4151306468084517,0.0
1.3164827103143506,1.1937476406118228,1.0
0.6236948663927491,0.2340638552260075,0.0
1.0399229123624352,1.2722014469450058,0.0
-0.23138032298911815,-1.3672569990590042,0.0
-0.29146301907581745,-0.0945916515244341,0.0
1.645603673919255,0.6295987392962886,1.0
1.0299056856016227,1.4221338017723995,1.0
-0.021510561456406313,0.4350454634301827,0.0
1.0116356759997407,-0.04665618555546813,1.0
-2.193444996201022,-1.8517674130913668,1.0
1.8487980142230604,0.3996704495257124,1.0
1.5756624879196857,0.14572828090994738,0.0
-0.6770431074967247,0.32693030633403075,1.0
-0.9716576564913404,-1.080856191040038,0.0
1.693847634654555,0.3828693838114602,1.0
0.7738117196245733,0.5276522931057889,0.0
0.8965264457924207,-0.4189040281277939,1.0
0.4839541219709305,-1.3727604401681548,0.0
1.5147058985762332,-0.39838412862192896,1.0
-1.8056527116113372,-1.2200204167477928,1.0
-0.4883599283525931,0.20282102493008328,1.0
-0.7161439229324477,-2.3228743346722447,1.0
0.7462720416513631,0.09668303083578039,0.0
0.3374414796725826,0.11889870349046341,1.0
-0.7188642603097053,-0.7062012883633249,0.0
-1.2493746203596428,-0.3509633959207282,0.0
0.6493205706710683,-0.35212598380211463,0.0
0.9394714420277768,-1.1185084085465415,0.0
1.4285866144356116,0.8182421403509488,1.0
-0.43066179245163694,0.7533594743427353,0.0
0.25245047819131683,1.5703157179622347,1.0
0.012024620077528109,-0.30880764865339494,1.0
-0.12737209155104787,-0.10326627895675806,0.0
-0.4585956418374878,-0.021737614841601055,0.0
-0.27278764746430784,0.8731706310978106,1.0
-0.8495530437720451,-0.128108496733566,0.0
-2.2147942469575166,-0.8010728989777978,1.0
0.07786206179377592,-1.0041012998219796,0.0
-0.37349841072041495,-0.42805178488658413,0.0
-0.05021466171089106,1.1491540016550055,0.0
0.11174603766608927,0.09370269264101774,1.0
-2.933343221263079,-1.3631055831393528,1.0
-0.6243463117608478,-0.5095505703340799,1.0
0.1544890999574338,0.24769427202975025,1.0
0.7954372002810138,-1.4341061209331571,0.0
1.9849346857733834,0.8549843047784131,1.0
-0.308976680458082,-0.18398862316308107,0.0
-0.19746863019138217,-0.9522870853067666,0.0
2.4055531865918747,1.8779977353172905,0.0
0.16242360355624139,-0.045343446451126396,0.0
-0.14065449578145905,0.42268961531403476,0.0
1.7179083435647158,-0.39212549128633656,0.0
-0.7795249658762354,-1.0088859780212205,1.0
1.1756576290252738,-0.21996580349655986,0.0
-0.04416646370496857,1.5484627957858974,0.0
-1.5916878613000158,0.7782546284690341,1.0
1.0053728921031533,1.4298305579497017,0.0
2.1468845208166045,1.319730631922699,1.0
0.5147814331515903,0.2230464314726923,1.0
-0.00402529626599224,-0.7904808307579441,0.0
0.32254093625197716,0.8286870586877254,1.0
0.35894640367012753,0.759357906299683,1.0
-0.1093915292130318,-0.21955483650639904,0.0
-0.3584688136566627,1.0153899192575486,0.0
-1.0704128629818153,-0.030641801785412648,1.0
2.690579904382248,1.0888642534600899,0.0
-1.0585216789276155,0.08867180442217071,0.0
-0.5167982333081489,0.17157596676314343,0.0
-0.15029921531283955,-0.3641644364004212,0.0
2.5204808467989093,0.6566360431736501,1.0
0.8038104688153973,-1.5927331661272839,0.0
0.7353559011735793,0.4289808558161463,1.0
0.3120258288056859,1.2640983471126026,1.0
0.5414795318043897,1.3483193626789065,0.0
-0.3972204704214329,1.3483998936610662,0.0
0.12618858232686866,0.40727135967181627,1.0
-0.8582574189292637,-2.6745494463741637,0.0
1.7267422535507182,1.3758268489443592,1.0
0.9261463652809165,-0.15670417828935213,0.0
0.39150641792876384,2.108440337750441,0.0
1.320005849367941,1.3964492091059146,1.0
-0.5366352328645215,-0.9202829047703698,0.0
-0.4432988180685548,0.4894988429695308,0.0
0.6886040226332864,1.0317543747518365,0.0
-0.10308375022101646,-0.7166992880429617,1.0
-0.709547609026758,-2.0385847012180216,0.0
-0.3783630677158341,-0.8796416937575265,0.0
-0.6195615768681677,-1.0797577507772413,0.0
-0.4912506137696502,0.8394257565237705,0.0
-0.4598142897651787,1.2373774255725514,0.0
0.24604307701521008,0.47314734435033745,0.0
-0.060424279408995696,0.5247281405704595,0.0
-0.9151561488868899,0.18200752532380565,0.0
1.3174676472899394,-2.8044015170935217,0.0
-0.33852315282007966,1.065611400873457,1.0
-0.5242127715218146,0.3512751054108003,0.0
1.0095709887595041,0.39519275329111453,0.0
0.8574175613444688,0.5400610051651468,0.0
-0.2795206456534393,-0.13312890357655174,0.0
1.1069714249024745,-0.3305829216078998,0.0
0.5706887536595794,-0.26354157684798685,1.0
-0.9247484743264432,-0.9718212276723699,0.0
0.3121981027382442,0.6198411788377971,1.0
1.8728404974639392,-0.4316840331709578,1.0
0.37703616945784446,2.2179110020623174,1.0
-1.0713414686383844,-1.844362873383635,1.0
-1.26169942491918,-1.2381157967132481,1.0
-0.0911569200512673,0.06494487076843698,0.0
-1.9204695609466653,-1.7856874661986668,1.0
-0.4246533181077211,-0.5514144393685929,0.0
0.7536737818254493,0.3787256518385588,0.0
-0.4697832027683968,-1.1786642023879321,1.0
1.9449470342379525,0.5464911605569522,1.0
0.755728925127422,-0.6119660321229531,0.0
-0.8811649472620608,-1.3025274642809521,0.0
-0.9566150925598944,0.5061318205289093,1.0
-1.155840519032006,-1.403376091692162,1.0
-0.5956427431646751,0.17659533274897482,1.0
0.6770113181505947,-0.47723095148214,0.0
0.25422947882346913,-0.12340225022460447,0.0
0.49214389502568023,0.22030180017166018,1.0
0.5554545636664738,0.6292070464861754,0.0
-0.7510907700084468,-1.512617085940091,0.0
1.2647698922509907,0.8542867639813431,0.0
-0.7075058386199279,-0.4674936775940497,0.0
-0.7022898875360403,-0.22537585544263164,0.0
0.8856964278903223,1.335872337252268,1.0
0.4377414477792092,-0.2687888182384851,0.0
0.8025991511599553,-0.27430752021804095,1.0
-0.9252707762308702,-0.4064535579599354,0.0
0.3636196885251115,0.6384768011340811,0.0
1.5262791053864335,1.5236727902359621,0.0
1.3249679702675548,1.1361665596513633,1.0
-0.5447563481400897,-0.5344048771184047,1.0
1.2297166161315305,0.4842392384423539,1.0
0.4395353048687456,0.15623815334037214,0.0
-0.5015853646644313,-1.2959738938915193,0.0
0.14414994589378954,0.9778040868829199,1.0
0.17694320841867728,1.633775141943097,0.0
1.174613199154189,0.959069616857321,1.0
0.333323336296971,-0.6493042245885582,1.0
2.8644243736399777,1.7362055073346354,0.0
0.21811490599329014,0.03223264888615773,0.0
0.7338253296698427,-0.17537415787962374,0.0
0.21811333411298908,0.6508469652206702,0.0
0.6422093789190209,-0.12511253696616437,0.0
1.254694740844685,0.4689895377708535,0.0
-0.3298728594628335,1.0008167156534156,0.0
1.1120388656043028,-1.4062607792959314,0.0
0.5386989935478429,-0.08087109143797516,0.0
0.3225577962099425,1.2918790631473533,0.0
1.6061602023003716,3.364788155215556,0.0
-0.026883384027066054,-0.3781724673767797,0.0
-1.2988874821301055,-0.10777174066148598,1.0
-1.6365876198933642,-1.0323980308681293,1.0
1.4850001905307972,1.5348614176762865,0.0
-0.4171231708877578,0.3924011497068029,0.0
-0.1858816158035489,0.4678829692844984,0.0
0.4931344846313005,-0.04700126782892505,0.0
-0.1693648085334758,0.750079712131714,0.0
-0.4851813957637498,-0.41761152372695765,0.0
-0.648967191310801,0.7110263440250758,0.0
-0.22099766263590442,-1.0011040025895268,1.0
0.6432352327518105,-0.5719608776883476,0.0
-1.4800912672406832,-0.456201487842266,1.0
-0.3569325169773192,-1.2174206575938147,0.0
0.029225254868001094,0.7980989977268041,0.0
0.2847914101253928,0.5438621250194442,0.0
-1.0900737420512379,-0.5484402070067151,1.0
0.5975134381372956,0.479895620252575,0.0
-0.5224951861690933,0.3925541785104234,0.0
-0.13462363593094845,-0.058092752460161365,0.0
0.20457419193855372,-0.6986498725120639,0.0
1.0170659107196816,1.1312986625649462,1.0
0.8284695768206132,1.3398427714294405,1.0
0.14414603408540572,1.391232412949793,0.0
0.29758119784287407,0.5919064508642249,0.0
0.7554085073873844,0.19642678903615846,0.0
1.8879029852187692,-0.38957464757017835,0.0
-0.11634214922888697,-1.4971897142107786,0.0
0.31315634978185614,-1.5795016957338115,1.0
-0.4793893438343678,-0.7485852390081715,0.0
-0.1257347076268614,-0.30020910699797143,0.0
0.20053418227241054,1.0653871967340764,0.0
0.004438878647871181,0.33862062246763075,0.0
-0.1661975025653576,-0.4643990788486504,0.0
1.047754521091652,1.1309787834442875,1.0
0.9724483898154466,-1.1189077126731328,0.0
1.1432235958492576,0.27008897293767853,0.0
2.3211444037748934,1.8162896310995584,0.0
-0.2218990445618317,-0.6754914793431935,0.0
-0.09228125356789946,0.6861708406353099,0.0
-0.9433870422535804,-1.3928400974679567,1.0
1.3890772334752424,1.601606732659492,0.0
-1.210820977231172,-2.273964861567144,1.0
0.6053370115819221,0.21413110747737724,1.0
1.1482426079697887,1.7398082627555178,0.0
-1.0227437176096903,-0.27653721653829605,0.0
-0.24872829560354237,0.4451516732272681,0.0
-0.4959219410937234,-1.114531480226131,1.0
0.3574727799322818,0.23665196170476155,1.0
-1.015552896318499,0.6260635396483224,0.0
-0.6552370652968312,-1.0664032182212257,0.0
1.2848491098704755,0.4331972904466932,0.0
0.39017079627434664,1.0343293598745187,1.0
-0.3098529441363421,-0.6616473374415863,0.0
2.125729968936197,1.482456926263751,0.0
0.11323351798074743,-0.6191420609021315,1.0
-2.6322305596589692,-2.8397784216308226,1.0
0.6938418036458236,1.1702569674289827,1.0
-1.3091262134568016,-0.42949805169140154,1.0
-0.4264428653648221,-0.718200402348222,0.0
0.025532433156632728,0.9208105497806216,0.0
0.09310350868971834,0.10078942219780643,1.0
1.9901607500294394,1.1086239886010656,1.0
0.21055707196765633,-0.7945332221716347,1.0
-1.0565245538768608,-0.16411295798618153,0.0
-1.1832203307430527,-1.027928164313511,1.0
0.1688688292893399,-0.5558315605368556,0.0
1.1379518345775674,-0.4669277156760482,0.0
-0.30494279339177605,0.1341043755849724,0.0
0.7283968183894556,-0.054867150676240595,0.0
-1.518245486289064,0.12491349108809824,1.0
-1.383789653605482,-2.195469449400375,1.0
0.6645658850561883,2.100279574463972,0.0
0.7227751353767136,-0.38422125940312707,0.0
0.41499865871593167,0.9306851264960871,1.0
-0.838952420151887,-2.614697955407202,0.0
-1.15851784058886,-0.5869367816471007,0.0
-0.5548759377100214,1.442599426218265,0.0
-0.6891309849083955,0.7559973995227015,0.0
0.1574429261890123,0.16446298723775934,1.0
-1.2623752380255606,-0.24894204931961805,1.0
0.4145807754869862,-0.6391491358796195,0.0
0.554385225335543,2.895536670068141,1.0
-1.5558837365045681,-0.3381420690118663,1.0
-0.3937694254002417,0.2134422715958243,0.0
0.17626732659383212,0.22603848252958247,1.0
-0.5878958056287419,-1.320108936895284,0.0
0.9268815323896877,-1.5919746403069672,0.0
-0.23114411740459173,1.5272291075753242,0.0
-1.7533199999418803,-0.10874101332476882,1.0
-0.09980213797527543,-1.096792400305505,0.0
0.49224929581969173,-1.2181834114588033,0.0
1.0299507653517401,-0.036788388827675156,0.0
-1.5755995591007206,-1.2709194605375393,1.0
0.8086469054116119,2.1978361781243394,0.0
0.8435013568663481,-0.44203370770102635,0.0
1.0198639955910291,0.9505143327562813,1.0
0.689819330789817,0.23042024284919907,0.0
0.4881360466496052,-0.6882495796559408,1.0
1.5555796087851046,1.028107880923271,0.0
-0.30613841787572676,-0.0659351942514158,0.0
-0.7852482166230755,-0.4358015130539048,0.0
0.29368338289612844,-0.28260813949589925,1.0
-0.19755827134514442,1.123337755272046,0.0
-0.013718698801895968,0.3621205944177728,0.0
-1.6430620552373452,0.16734957694967856,1.0
-0.9451023035124492,-1.1289455983735364,0.0
-1.3822901444605868,-0.7719645743150225,0.0
0.7382627682934384,1.2040037527487488,1.0
-1.1749841058460326,-0.5338699617593734,0.0
-2.169219300167023,-0.24223899824193873,1.0
0.7495555899488509,-1.1063585352743786,0.0
-0.6539811890812783,-0.9801975011523979,0.0
2.0888703858961324,1.3462337357836116,1.0
0.5387318925659181,0.498498308126821,1.0
0.4285921874125251,0.9330736176073464,0.0
1.1434998973659578,-1.7655894812513204,0.0
2.5771252160080023,0.7779196286534157,1.0
0.7202206973674609,0.4042653943535136,1.0
-1.6048906111991457,-0.5038829053242503,1.0
-0.6913477079658108,-0.7620928707888456,0.0
0.9394458612075947,0.4171315721451956,0.0
-1.0130370367821662,-0.7577231755955083,0.0
-0.04699263739356746,0.556455149788009,0.0
-0.0177977309890216,0.7648768542575421,0.0
-0.36745194006429205,1.2977884008752327,0.0
-0.5351125656374576,-0.0854544617960177,0.0
-0.6477878813450225,0.5858471959443063,0.0
0.27997788258680056,-1.194801025988973,0.0
-0.7189522761175352,-1.1334924732450735,1.0
0.06731092279674583,-0.6988681330257622,0.0
0.6942929221288886,-0.31309288260850243,0.0
-0.1743909340549702,-0.7561669530798095,0.0
0.4314055016150845,1.2670099284894856,1.0
-0.46556415936036727,-0.8139885822562943,0.0
0.33101020367115774,-2.439030866869448,0.0
0.06840484062110633,-0.5227794063906759,1.0
2.3931755867464473,1.8375303144856385,0.0
-0.13725778427547372,0.3542637663783406,0.0
0.6085415488159085,-0.784142123396168,0.0
1.4759468968990965,0.5716550938448538,0.0
-0.23930021144459984,-0.6693677822100572,0.0
-0.9563704228139414,0.30238454337607124,0.0
0.2912270944869202,0.12310093716606949,0.0
-0.24415595867381484,-0.6835661775924324,0.0
0.17108480468854836,-0.04304596953555455,0.0
-0.517186600817491,0.37357315896426513,0.0
-1.945697451401177,-0.5243059405110336,1.0
-0.8274554327938319,-0.38292309724208196,0.0
-0.49506182308623325,1.5137579843033655,1.0
-0.5704835710907986,-0.5723994604405511,0.0
-0.6755481035080465,0.49983801626241625,0.0
0.7281190094014731,-0.19302274988442475,0.0
0.5749398208379867,-1.6587214713652814,1.0
-0.16794003678530636,0.20726771859730728,0.0
-1.2684667945202914,-2.355485537124811,0.0
0.07314717624993758,0.059856439213371186,1.0
-1.2476819228198253,-0.5953110838713849,1.0
0.04509816406840611,0.06356892781651159,0.0
-0.1594418511178588,0.1915080442818384,0.0
0.390130376024173,-0.07862815826289327,1.0
1.176334733698782,0.7202689248918497,1.0
-2.5420789571486893,-0.8061158271187205,1.0
-0.4531005303657419,-1.2502974006579093,0.0
1.3990381622624635,0.8370971087743415,1.0
-0.4972388004436404,-0.0044962897979277106,0.0
-0.6325240041165353,-0.4727487309287801,0.0
-0.5522164476531,0.05188131648185429,0.0
0.3663550692537071,-0.574582263305445,0.0
0.45474105736044734,0.10214781751305804,0.0
0.13352369539237724,-0.48367578521128674,0.0
-0.06649330641642781,-0.9608236780805898,0.0
0.5879633813997835,-0.12673832909235458,0.0
-0.2641750010357654,0.3490867196755231,0.0
1.1988120440335353,1.5716803343547303,0.0
-0.787178289352156,0.020393886209147505,0.0
-0.909733551491324,-0.698983633717995,1.0
0.42336014060948146,0.09199343370072693,0.0
-0.6815982232074966,-0.5069271008514283,0.0
0.6642245741717683,1.1559922353752998,1.0
-0.7148368029499156,-0.40051809240296854,1.0
-0.7661561211779027,-0.02642857583784569,0.0
-0.5704838734925459,1.0284317963004295,0.0
0.11463877916603608,-0.24961444039915873,1.0
-0.3210484986761673,0.25017978628974147,0.0
0.6396679536151252,0.17699631643034255,0.0
0.3758463882571803,0.6974027225277979,1.0
0.11460501717731891,-1.0176437434539425,0.0
0.4531959617674334,0.5154585753163816,0.0
-0.5508873375272221,-0.6611180655775117,0.0
-1.1037717213755955,-0.9293767272963209,1.0
1.1122672957456246,-0.2376170750999923,1.0
0.15407210876050798,-0.5890112705440211,1.0
0.15346442997133894,0.5168134032470038,1.0
-0.9881220459334376,0.08199222942342083,1.0
0.2138134124186264,-0.7969510964807863,1.0
1.4877187800806968,0.8344643992396761,1.0
1.7228624250036004,1.4444533753332005,1.0
-1.58867142081187,-0.2098261079103808,0.0
0.11328745077140023,-1.2918779592562257,0.0
-1.0141749860304867,-1.3627189004053133,0.0
-2.4383236010932885,0.5818193364544187,1.0
-1.2618421913596534,-1.3180023945902475,1.0
-1.5180642413077208,-0.454255024009073,1.0
-1.018817034024301,0.005145048842878475,1.0
-0.09098174707284984,-0.8240749231637563,0.0
-1.4933780727452115,-0.9986769876242508,0.0
0.6626131680264714,0.4980810299849768,0.0
-0.5290077510456683,-0.9114372861326638,0.0
0.03320640432363617,0.2799703209185974,1.0
-1.4847359077585085,-0.1084438544900932,1.0
-0.18304645361724547,-1.6215476255591383,0.0
0.23582472004776361,-0.09882873769413095,1.0
2.0991569443251215,2.1130098479342143,0.0
-2.6516511603815975,0.45323216330845595,1.0
-1.3297869301348721,-1.4701100858642457,1.0
-0.8438509668516418,-1.9745361200647618,0.0
-1.0928281986966497,-0.06181222363050087,1.0
1.692774752659448,0.91683114559393,1.0
0.044548643397654214,0.09708807352552593,0.0
0.004401081737742341,1.5934625146851267,0.0
0.16360190373477124,0.33715266276673667,1.0
0.9041239927922748,0.22860290507003833,1.0
-0.6674393447392944,0.7542772867760341,0.0
-0.7285139324893469,-0.26440887572673,0.0
1.6881848235702341,2.3242181067509913,0.0
-0.5292608404962444,-1.116773466177019,0.0
-3.446630178091342,-1.7297868850017282,1.0
0.7490068159822596,0.5627429669156924,0.0
-0.360805308181425,-0.6773092541120258,1.0
2.242807570701347,0.8308197460811404,1.0
-0.5786554469709196,-0.11051268425583921,1.0
0.8948955506481769,0.009138042481828312,0.0
0.9828840386454121,1.1200218716758863,1.0
-0.32982560664550564,-0.49761881443521444,0.0
0.39188609931501095,-0.02692650922140105,0.0
0.7724934474963847,0.23328360382401653,1.0
-0.25410725499434783,0.2928316745835328,0.0
-0.5786668091138449,0.8610947045930407,0.0
-0.137133632812093,-1.0834139598312067,0.0
0.3451995276687662,1.3141121086959384,0.0
-0.5206047047862533,-1.6387685368336138,0.0
1.251262334920218,1.2919821519302257,1.0
1.5762751927748817,0.6503227336225677,1.0
-0.47450492156381985,0.05826759220533617,0.0
0.2971216532310542,0.11382383881372748,1.0
1.907036386898124,1.878529713032332,0.0
0.8052354526693417,0.48651175473182173,1.0
-1.3460384970000816,0.23109530996236716,1.0
0.6268241965968026,0.8971805479349166,1.0
1.666101684279216,2.008318254116922,0.0
0.04975453794640139,-0.6936594300789194,0.0
-1.0413098225236146,0.059094476444016,0.0
-1.2315628983575375,-0.6973576474256482,1.0
2.667727408500426,0.18326885500185908,0.0
-0.35510013607206636,0.8414792906158197,0.0
0.7993567823795493,0.2598858090348024,0.0
-1.0562657449788744,-0.9290875335355765,1.0
0.11377580636590079,1.3951387929459336,1.0
-0.8591788949742062,-0.14073505860181046,0.0
-0.3149045427759884,-0.34012055477263675,0.0
0.2040203650529432,0.8796310963501035,1.0
0.5581783778455132,1.49056474088597,1.0
0.03113882698835449,0.5267463552131092,0.0
-0.02832472817926257,0.8110034187271224,1.0
-1.0130278777578636,-0.02275412191760101,1.0
0.013603757241542017,0.05929351320176372,1.0
-1.0119118486465515,1.4142560277569625,0.0
-0.36128189487005213,0.08696720644094202,0.0
-1.6280515463998468,-0.5885894956871078,1.0
0.0005056003028236777,-0.1851641477755043,1.0
0.9397617310382873,0.143880423714552,1.0
0.5161249653134254,0.21735902733940157,0.0
1.0507705421043065,-0.7627091461085695,0.0
-1.7945619827903172,-0.9654882556202455,1.0
-0.20899802262006367,0.3378999409005452,0.0
-1.0253280846514183,-0.9531785743829849,0.0
-2.4046700497384847,-1.970638345557802,1.0
-1.2440775379123024,-0.4800538272149913,1.0
-0.8403860104874926,0.6457510176161916,1.0
-0.2946727611370846,0.14154887739254082,0.0
0.7697398659346272,-0.162107259129962,0.0
0.04223086493453032,-0.019136668665392757,1.0
0.8068210045299375,-1.2688535347355587,0.0
-1.8227228060840015,-0.16305764134841894,1.0
0.25586782301779276,-0.364167991663187,1.0
0.01350821540576716,-0.47424562048234303,1.0
-2.030205174873785,-2.8092384855479056,1.0
0.0514560139962833,1.5940959442901537,0.0
1.1796485898480642,0.4525581605033767,1.0
-0.2986558538127587,0.6054614023215931,0.0
-0.08774179963005646,-0.6878691884426357,0.0
-1.1361873683245851,0.26772986960800454,1.0
0.052499353688943595,-0.6726172345621151,1.0
-0.6749741583931287,-0.4254922200137703,0.0
-0.7495551349280183,0.042791530224925656,0.0
-2.02631037226745,-1.967848115910261,1.0
-0.3531220428742322,-0.022897468319302866,0.0
0.37837427999420786,0.1591727991088601,1.0
0.5391158072817819,-0.7694599108940728,0.0
1.7255615787859482,1.1246867580411646,1.0
-0.5959266274982263,-0.5075913847152282,1.0
-0.04811925998906433,0.039279979590168136,0.0
-0.40013824093654515,0.5542048574015449,0.0
0.9593059612792261,0.34938467986170707,1.0
-0.3085252831463469,1.0030176465113088,0.0
-0.9780072302026173,0.8187969551052925,0.0
-0.29232576840497637,-1.7144135003958751,0.0
-0.6939367641362506,-0.5523083645975905,0.0
-0.3913435606617406,1.4420593549286078,0.0
1.4794715121058704,1.1409911094022627,1.0
0.9476506954937634,-0.38784852450108687,0.0
0.5817930156350251,0.08090048474143158,0.0
-0.17837515899266632,-0.7259108871393806,0.0
-1.6275955617767905,-0.7603457011790822,1.0
1.575012950993846,1.123401007416045,1.0
0.17646021590197097,-0.5770441141770608,0.0
0.6051680677163929,1.533120156483299,0.0
-1.485672746957197,-1.4952151543267693,1.0
-1.0428941839894705,-0.6690879837598911,1.0
-0.09825667828330437,-0.8919360964017051,0.0
-0.11594083828937884,-0.17762879711649546,0.0
-0.6131306677114868,-0.9408421041257309,1.0
-1.5230230334192876,-0.4943690887644806,1.0
-0.6454375698805395,-0.6591610503310937,0.0
1.4903515388425452,2.8579238705705077,0.0
-1.0302928763967976,0.4415297981781761,0.0
0.730185836958327,-0.8107750065812289,0.0
-0.21370204124961617,0.7544985577081006,0.0
-0.45060724812040015,-1.1706729238252505,0.0
0.9257539435645831,0.473377194861345,0.0
0.9298616359415612,-0.2817873580396833,0.0
0.028459811655242806,0.5421834183169227,0.0
0.2834207429372747,1.398891579246055,1.0
-0.5500569839124122,-0.11015118644010016,0.0
0.45201389878870896,0.721582952408636,1.0
-1.8546137492641286,0.989727907843575,1.0
0.8967970675382475,1.0990399752134394,1.0
-0.21139023229919185,-0.6801728785935156,0.0
0.6135292539926296,0.831844017119028,1.0
1.6597093798262414,0.8177052111671415,1.0
0.19933519061554056,-0.00338290038899855,1.0
0.8703834824180166,0.14606216197996913,0.0
0.7921798623912053,0.06295360494834135,0.0
0.7707652328166626,1.1463988248218164,1.0
0.031627907372369264,-0.04222585382627511,0.0
0.15995770734913106,-0.7241506478037224,0.0
-0.5910784768337785,-1.6388480206182892,1.0
-0.36008233720683686,-0.9475378782229958,0.0
1.200246302691563,1.2990475014916787,0.0
-0.40470594665141685,0.5084933592475344,0.0
-0.35644698779563555,-0.28848050540491327,0.0
-1.0049053798959677,-0.7779776484104578,0.0
0.5654684013952032,0.01410301198927616,1.0
-1.5499209387143122,-2.0323999848734604,0.0
1.1767536747024199,0.23269238201718295,1.0
0.6187665796298916,1.4284698648943115,0.0
-0.6589323042706423,-0.3523091983688623,0.0
-0.45748665338798133,-1.3770439874740146,0.0
0.44595059847443064,-0.4182653603839004,0.0
-0.4696705360934945,-0.1418259230330703,0.0
-0.10751422218689688,-1.308908210825201,0.0
0.2616356772332192,0.7638423787266497,0.0
-0.6112707243138075,-0.18341685704386376,0.0
-0.45366834080449847,-0.5348280149128812,1.0
0.050317991382625826,-0.6414020087398253,1.0
-0.9694780061681904,-1.0390952453185383,1.0
0.6991474011029817,1.2766602497227337,0.0
0.6344620441402209,-1.9041014950144124,0.0
1.4006069109121015,0.06858088809416163,0.0
-0.8077346837258284,0.7238256083534962,0.0
-1.2605819117627912,-0.6600298032455867,0.0
-0.3876979470893596,0.963832704203885,0.0
0.6987069337887732,1.0210144301035722,0.0
-0.5202780090139485,-0.04406047053485668,0.0
-0.8063299502833581,-0.666062676426013,1.0
0.9468611084425749,1.6426603087590759,0.0
-1.8870410822851569,-1.239169711115961,1.0
-0.44446784246353066,-0.5740570631666622,0.0
-1.0451532409628232,-0.4070254108534481,1.0
-1.3489736077241736,0.5181008805803723,0.0
0.6196210063389381,-0.9813711383360629,0.0
0.3882972055473639,2.2335828873851806,0.0
0.4678369272492302,0.9331642748518958,1.0
0.4948020776827911,1.1381564709678726,1.0
-1.1236715020908863,-2.032680998887051,1.0
-0.4969300959246632,-0.6102141889176177,1.0
-1.8356052571315697,-1.9205822357869078,1.0
0.3280945571731648,0.06924295571978659,0.0
-0.011562840003425223,-0.7238332515649648,0.0
0.7506608677360913,0.3603825662372284,0.0
-1.0353709647641183,-0.6315442403699174,0.0
-0.7793662754458702,0.4371052534532607,0.0
0.6982474602493901,0.9537318028970974,1.0
-0.1759694603874608,0.3213350970909854,0.0
0.1638351209756994,1.7945829135628233,0.0
0.9264109437948624,0.2560582970771664,1.0
-0.5669023804526544,0.27420786693999266,0.0
-1.8139855288353988,-1.3563618480961164,1.0
-1.00931166711635,-0.025012074195288336,1.0
-0.4991010574146313,0.6874995333689066,0.0
1.5171072365602252,1.4069890341165359,1.0
-0.4431287967080944,-0.3081675188743652,0.0
-1.0139096643294756,1.1198949699064116,1.0
-0.01939607736295182,0.13833793345057235,0.0
-0.44253982918087564,0.8286190156445914,0.0
0.3361931382079688,-0.8298718752317777,1.0
-0.641314650556282,-0.507353808922063,0.0
0.9930084596727157,0.5883994357499239,1.0
-0.11164788475198428,-0.6267500522118321,0.0
1.3004426345409679,0.32511856841727943,1.0
0.0004433622522989622,-0.584800011401961,0.0
-1.5288560987790625,-0.31167236211211946,1.0
0.755352821849681,-0.19620515420756618,0.0
0.8427262942594548,1.1512147645404487,0.0
0.3882119432735903,-1.66657736444887,0.0
1.3643768976272153,1.1012411080534472,0.0
0.6334127200531686,-0.44639960997992834,0.0
0.8869314104992114,-1.1874432045966268,0.0
0.22213139142029925,-1.3852156723700932,0.0
0.9927132209140501,1.373062656000522,1.0
0.2560706930293575,0.33124124651712905,1.0
-0.35338111090498575,-0.5532898303634597,0.0
-1.1503186218923525,0.7530605048104724,1.0
0.3241719419343356,0.3868281604135029,0.0
1.275751999379107,-0.2405549214537932,0.0
0.4587983650425249,2.183659769744625,1.0
-0.12232415560841392,-1.2700368202832113,0.0
-0.5965741559499934,-0.5284633460382584,0.0
0.1699449797436027,-0.25479629145446947,0.0
-0.7341374838443534,-0.6632574514212555,0.0
-0.04222570549608329,1.4097855357993272,0.0
0.4303230707714869,-1.6890922861505393,0.0
-0.5336068922431836,0.6212156187020007,0.0
-0.5690962913775821,-0.19996009020383204,0.0
1.0138614435523183,0.367290078275566,0.0
-0.18411729801135046,-1.2484431895419568,0.0
-0.1426495732242486,0.2198133657526207,0.0
2.1744557548616945,1.5159703255616501,0.0
-0.2148250597663445,-0.20997305926112297,0.0
-0.08317800255431473,-1.8718047492685455,0.0
-1.724863695734897,-0.3898422604220825,1.0
0.04318345792460933,-0.17345156372250048,1.0
-2.672388532107108,-2.9668519350962956,1.0
-1.56710953229303,-0.6511328153213924,1.0
-0.9598979675406254,-0.25943143203467073,0.0
-0.19516086520374332,1.3467896594771598,0.0
0.3822538825912929,0.4981344538720386,0.0
3.4959910270744157,3.189891999402414,0.0
-0.6201144660987773,-0.6580102173942628,1.0
-0.714898973982175,0.9216418166699323,1.0
-1.5776364500942532,-1.9057657957180725,1.0
0.24932447950788916,-1.8299508912067317,0.0
1.4979150238609362,-0.2580739288192335,1.0
0.6596633226818348,1.2732578164807928,1.0
2.093210919546569,-0.24533650887517622,1.0
0.7796838029912321,1.0691795922183207,1.0
-0.9262295358228544,-0.4350258932791093,0.0
-0.33276147204996853,-0.7041217310488608,0.0
-0.6126755183095907,-1.1311027703003824,1.0
-0.7332046621488492,-1.701860845086754,0.0
-0.8357009848934418,-1.071272292583501,1.0
-1.6995096737329436,-1.1625351550880243,1.0
-0.10879096682724748,0.957673188631574,0.0
0.22338154859287898,-0.3549515978563961,0.0
-0.6435962390990798,0.9434603420584141,1.0
0.453473574408193,0.9009251793714883,1.0
-1.2043972839523531,-0.6178145371891527,1.0
-0.47326548959030373,-1.1983639918397753,1.0
-1.2548575492798852,-0.9807756746411691,0.0
-1.4213893840274954,-0.0016374911872156783,1.0
1.2919415213226801,-0.6344197279891571,0.0
0.5302843057005844,2.004666085615978,0.0
-1.688960380958464,-1.3296272499710757,1.0
1.861167728856525,0.8896205924095311,1.0
1.9520891595758632,-0.40963612687634465,0.0
0.376534048867825,-0.8258102339347532,0.0
1.0752159437857087,1.048277313338534,0.0
0.19805072827870362,-0.023502679435982055,1.0
0.4794536032853925,0.9349320459659148,1.0
0.3023505600572409,-0.048521834685602644,1.0
-1.5819193538452196,-1.140174656624608,1.0
-1.3383591216816229,-1.8690232987264173,0.0
0.7464587526383955,-0.3890574919440527,0.0
0.1663894008939384,0.312493212323154,1.0
-1.2834664571825707,-1.4975731236427554,1.0
-0.7398848541669103,0.9960995970117238,0.0
0.03678289532884399,-0.9990770372448624,0.0
-0.9835246079598479,-0.6181377984479717,1.0
-1.3083266946316319,-0.37892364609329665,1.0
1.8275663936270043,-0.11322978423076546,0.0
1.056276115811675,0.266555701361515,0.0
0.25581540364613875,0.14534176134908053,0.0
-1.716617800298699,-0.8461729425384659,1.0
-0.08582037714427374,-0.3426570469970338,0.0
0.17182405643729842,0.7799639685361708,1.0
-1.2177768970532812,-0.5822196447892238,1.0
0.8199921665107396,0.4158813030570664,0.0
0.393139674425748,-0.12418151282896975,0.0
0.7930853794899652,0.995546138210744,1.0
-0.03869546775232375,-0.012503903793250906,0.0
-0.6966434499970002,-1.933411975629253,1.0
1.4330607723398856,0.011270703001267868,0.0
2.6831030459723366,1.3574622477444036,0.0
1.2485339184027855,0.46548285507874054,1.0
0.9663283264221019,-0.11013322129993125,0.0
-0.6855842630181693,1.241940978854964,0.0
-0.3272601400698303,0.48971286059495045,0.0
0.6365837582942091,0.7138965432623011,0.0
-1.2450806747256933,-0.2728066944173723,1.0
-1.5200778770524597,-0.13546123750107608,1.0
1.009779490359997,-0.6079194809389016,0.0
-1.3006140874803025,0.08527766919475233,0.0
1.3985046497361535,2.0557760179012345,0.0
0.7836104524063573,-1.014489459536739,0.0
0.3209418841417001,-0.7210743879712886,0.0
-1.2099909808963254,0.10538896389237407,0.0
-0.04450982511757223,0.5344780115161186,0.0
0.6480465037056518,0.06772323667786884,1.0
-0.18648271003386618,-0.47894559101997114,0.0
-0.46803973721246583,-1.8441544288597926,0.0
-0.8303920657700166,0.8807984524563344,0.0
-1.0940708788632616,-0.8635001411595192,0.0
-0.7928364338392105,0.6036757394292747,0.0
-0.429733551880208,-2.0434981114276614,0.0
0.7895519538509935,0.30162224885507527,1.0
-0.0027972661104180875,-0.040410229036301315,0.0
-1.003505524765723,1.1827356759303271,0.0
1.3881209337423117,0.07931733704648081,0.0
0.08046296790441115,0.816024377285415,1.0
-0.41685864098108916,0.06790719274253379,0.0
